19960907	H.O.T.	__ __(__)	male	´í½º	3	À¯¿µÁø	À¯¿µÁø 	SM¿£ÅÍÅ×ÀÎ¸ÕÆ®	SM____ë¨¼í_	 _ _ _ ë­__ _ì² _ __  ê·¸ë_ _ ë­__ __ __ __ ëª©ì_ ì¡°ë¥´ _ __ ´ì_ ë²____ ¶ì_ ¶ì_ ¶ì_ ê·¸ë_  ì§____ __ ¨ì ê¿__ ë¹¼ì___ ê·¸ë_  ì§____ __ ¨ì ê¿__  ê°¸ê_ Say ya _¹¨ê¹_ ê³__ ¤ì ëª»í_ì§ ë§_ __ ¤ì_ ë²_¦´ê¹__ ´ì_ ____ ê°____ _¬´¼ë_ __ __ ´ì_ë© _ ì°¾ê_ __ ê² êµ¬ë_ __ ±ë_ ¼ë_ ¼ë_ë´¤ì_    _¦¬   _¬´ê²__ ´ê_ _   __ì¶__ ë§¤ì_ ê°_ ê³³ì_ ê°_ __ ë¦¼ì_  __ì§ ê·¸ë_ __ì§ ê±°ê¸° __ì§ë§  ê°_ ë²_¦° ê±  __ ë°_ __ ___  _ ì§ë°°í_  _²¬  ë¬¼ê±° __ ëª¨ë_ __  ¸ì_ __ë¡ __ 4 3 2 1 And 1 ë³´ê_  ì¹_µ¬ _ ì£__ __ êµ¬í__ __  __ ë°¥ì_ __ ë§__ì§  ë§__  ë§__ __ ë²_¦´  __ë¦¬ì_  ´ë¦¬  _¬¸  ¸ì_ êµ¬ê²¨¸ê _ ____ ì§ì¼_³´  Say ya ê·¸ë_ _ ì§____ __ ¨ì ê¿__ ë¹¼ì___ __ __ __ __ __ __ ´ì_ __ _ ¬ê¸°__ ê·¸ë_ _ ì§____ __ ¨ì ê¿__  ê°¸ê_ ê¸¸ì_ ì°¾ì_ ë´¤ì_ _¬´°ë_ __ ´ì_ ´ê _ ë²__ê²__   ë¨¸ìë¦ ê°__ ____ ë°_³´ì²__ __ ë§__ ëª¨ë_ ê²__ __ ë°©í___  ´ì_  __ _¦¬ ³ì_ë¦¬ì ¨ì_ë¦¬ì ´ë __ ´ê___ __ê° ë²_¦° ë§__ __ ì¹_µ¬ë¥ __ë²_¦° __ ë§__ __ Dummer Dummer Dummer Dummer Dum Dum Here we go here we go it's time to stop MMM the violence hate and all the mess it's about time somebodyshould stand for what is right that is right Bang bang bang What comes down beat a what comes down Do you body ready for the beat again Everybody what's up are you people ready for it This is the message from HOT Yeah Yeah Yeah Yeah ´ì_ ê°__ ¶ì_ ë¯¸ë_ ê¿____ __ ëª¨ë_ ë¯¸ë_ ¤ì_ ¤ë_ _¦´ __ê³ ë¯¿ì_  ë¯¿ì_ __ __ __ ë¯¿ì_ Someone Someone Can gonna Someone Can That I know it That I know it That I know it Can Can that I know it Someone Someone Someone Someone Someone Can Someone Can Someone Can Someone Can Can Can Can _ë§  __  ´ì_ ¸ì_ _°©__ë¡ ë§¤ê²¨ì§__ ê²  ´ì_ __ __ ¸í_ ëª¨ë_ ê²__ ¬ê¸°__ ê·¸ë_ _ ì§____ __ ¨ì ê¿__ ë¹¼ì_ ê°__ __ __ __ __ __ __ ´ì_ __ _ ¬ê¸°__ ê·¸ë_ _ ì§____ __ ¨ì ê¿__  ê° ê°__ ê¸¸ì_ ì°¾ì_ ë´¤ì_ _¬´°ë_ __ ´ì_ ´ê _ ë²__ê²__
19960907	H.O.T.	ìº__	male	__	1	¥ì_ì§	¥ì_ì§	SM____ë¨¼í_	¬ì_ ¤ë_ _ ë§__ _¦¬__ ¶ì_  ë§__ ê±°ì_ ´ë_  ´í_ ´ë_ê² ë§ __ ê±°ë_ ¤ê_ ë§__ ê±°ìë§ ¬ì_ ¤ë_ _¹¨ ê·¸ë_  __ ê±°ì_ __ ¼ì_ ë³´ë_ _¬´ _ ëª¨ë_ê²  ë³_±°  ¥í_ ë§__ ê·¸ë_ì§ë§  ¬ë_ __ê² __ ´ì_ _ ë³__ __ê¹__ ëª°ë_ ëª°ë_ ëª°ë_ ¤ë¥¸ ¬ì_¤ê³¼ ë¹__ ë¹___ _¾¸ë§ ê¹¨ì_ì§ __ __ ¼ì_ ¸ê_ __ ì´____ ê°_ ë²_¦° _ ë³´ì_  __ê±°ì_   __ ê±°ì_  _ë§ __ê¹_ ¬ë___ê± ê·¸ë_ ê·¸ë_ì§ë§  ë§ __ _ __ ê°_±° ë¨¸ë¦¬ __ ë¹__  __ ë°__¤ë³´ë©  ¥í_ ë§__ ´ì_ êµ³í_ì§ë§ ¬ì_¸ì ¤ê_  ¤êê°__ë¡ °ë¦° ê°_ __ __  __ì§ ¨ì  ¬ë_ ´ë_ê² ë§__ì§ ´ì_ê» ì¤ë¹__ ë§_ ë§__ ¤ë_ ì± ¸ì_  __ __ê² ´ë_ê² ½ì_ __  __ ë°__¤ë³´ë© Candy ´ê_ __ ´ë_ __ ê·¸ë_ ê·¸ë_ __  __  __ ê·¸ë_ ¤ë¥¸ °ì_¤ì ¤ì_ë¥ ´í_ì§ë§ _ __ __ ¤ì_ __¼ë_  ´ì_ ê·¸ë_  __ ¨ì_   ë§__ __ __ __ ê± __ ê·¸ë_ ´ì_ __ ì§ì³__ __ë§ ë°__ë³ __ __ ¼ì_ ë³´ë_ _¬´ _ ëª¨ë_ ê²  ë³ ê±°ì_  ¥í_ ë§__ ê·¸ë_ì§ë§  ¬ë_ __ ê² __ ´ì_ _ ë³__ __ê¹ ë¨¸ë¦¬ __ ë¹__  __ ë°__¤ë³´ë©  ¥í_ ë§__ ´ì_ êµ³í_ì§ë§ ¬ì_¸ì ¤ê_  ¤êê°__ë¡ °ë¦° ê°_ __ __  __ì§ ¨ì  ¬ë_ ´ë_ê² ë§__ì§ ´ì_ê» ì¤ë¹__ ë§_ ë§__ ¤ë_ ì± ¸ì_  __ __ê² ´ë_ê² ½ì_ __  __ ë°__ë³´ë©°  ë²   ë²  ë§__ì§ ´ì_ê» ì¤ë¹__ ë§_ ë§__ ¤ë_ ì± (ì¤ë¹__ ë§_ ë§__ ¤ë_ ì±__  ¬ë___ ë§__ì§)¸ì_  __ __ê² ¤ì_  ¼ì_ __ __ ê³__ ´ê __	
19970705	H.O.T.	_³µ	male	__	1	¥ì_ì§	¥ì_ì§	SM____ë¨¼í_	 ë²__  _ __ ë³  __ ¤ì_ ê·¸ëë§__ ____ ê± ê·¸ë_ __ ë­__  __ ê±°ì_ ì§ê¸  __ _¬¼ __ ë°°ì_ê° _»´  ì°¾ì_ê°__ ____    ëª¨ë¥´ê²__  ¸ì_ __ __ ì§ê¸  __ __ ë­_  ë§__ __ ê° __ __ _¬¼ __ __ __  __  __  ë°__ë´ ´ë_ê²  __ ´ì___  ½ì_ __ __ ê·¸ë __ __ __ ¸ê_ _ë§ _¬¼ _ì£¼ì_´ì_ ê·¸ë_  ____ ¼ì_ ê±°ì_ ¨ê_ ´ì ê·¸ë__ _³µ __ê³ ê·¸ë_ ê·¸ë_ ë§__ ê·¸ë_ ì°¾ì_ì£ _ ë°_ì£¼ë_ ë¹__ ë³´ì_ __ _³µ __  __ ê·¸ë  ë³´ì___ _ ë¶__ì¤__ ê·¸ë ê³__ __ ê±°ì_ _ ¬ë_ ¨ê_´ì_ ê·¸ë __  ë²__  _ (_) __ ë³¸ì_ __ (__) ¤ì_ ê·¸ëë§__ ____ ê± (ëª°ë_ ëª°ë_) ê·¸ë_ __ ë­__ (ë­__)  __ ê±°ì_ (ê±°ì_) ì§ê¸  __ _¬¼ __ ë°°ì_ê° _»´ ½ì_ __ __ ê·¸ë __ __ __ ¸ê_ _ë§ _¬¼ _ì£¼ì_´ì_ ê·¸ë_  ____ ¼ì__±° ¨ê_ ´ì ê·¸ë__ _³µ __ê³ ê·¸ë_ ê·¸ë_ ë§__ ê·¸ë_ ì°¾ì_ì£ _ ë°_ì£¼ë_ ë¹__ ë³´ì_ __ _³µ __  __ ê·¸ë  ë³´ì___ _ ë¶__ì¤__ ê·¸ë ê³__ __ ê±°ì_ _ ¬ë_ ¨ê_´ì_ ê·¸ë __ __ê³ ê·¸ë_ ê·¸ë_ ë§__ ê·¸ë_ ì°¾ì_ì£ _ ë°_ì£¼ë_ ë¹__ ë³´ì_ __ _³µ __  __ ê·¸ë  ë³´ì___ _ ë¶__ì¤__ ¸ì_¼ë_ ê·¸ë ë§__ ´ì_ ë³´ì_ __ ´ê __ _ ë¶__ì¤__ ê·¸ë ê³__ __ ê±°ì_ _ ¬ë_ ¨ê_´ì_ ê·¸ë __	
19970705	H.O.T.	We are the future	male	__	1	__ì§	__ì§	SM____ë¨¼í_	"10, 9, 8, 7, 6, 5, 4, 3, 2, 1 Hey Everybody look at me ´ì_ ¸ì_  ë°__ë²_¦´ê±°ì_ ´ê ´ì_ ì£¼ì_ _±° ´ë¥¸¤ì_ ¸ì_ ´ë ê°__ ¡ì_ ë¹__ ê² ë§__ __ _¦° ì§__ ì¹__ The future is mine. 1, 2 and 3 and 4 and Go! __ê¹_ °ë¦° ´ë¥¸¤ì_ ê·¸ë_ __ __ __ë¡ _ ´ë_ ê°__¤ë_ _£° ì§__ ¼ê³¤  ë°__ ¸ì_ê¹_ °ë¦´ __¤ì_  ë§_¶°¼ë_ ì§__ ë¦¬ë_ì§ _£¨´í __ ê°__ë¡ °ë¦° ì§ì³ °ë_ì§ ê² ê°__   ¸ì_ ´ê ¤ì_ë¡ ë§__ê±°ì_ __ ¶ì_ ê°___ë§  __ ê¿_ __ ¸ê_  ¤ì_ê°ê²__ We are the future! ì§__ì³  ì§ê¸_  ¸ì_ ì£¼ì_ __ ë§__ê²__  ë¯¿ê_ ë¯¿ê_ ____ê±°ë_ __ ë¯¿ê_ Hey hey ´ì_ ¤ì_  ¸ì_ ì°¸ê²¬_ ë§__ì¤__ I don't need you I don't wanna help youwe want it °í_ Let's go We are the future  ë²_ __ ____ì§ ´ê ´ë¥¸ _©´ ´ë_ ëª¨ì_¼ê_ _ ´ë_ ëª¨ì_¼ë_   __ê¹ Oh baby   ¸ì_ ´ê ¤ì_ë¡ ë§__ê±°ì_ __ ¶ì_ ê°___ë§  __ ê¿_ __ ¸ê_  ¤ì_ê°ê²__   ¸ì_ ´ê ¤ì_ë¡ ë§__ê±°ì_ __ ¶ì_ ê°___ë§  __ ê¿_ __ ¸ê_  ¤ì_ê°ê²__ We are the future"	
19980925	H.O.T.	ë¹	male	__	1	ê°_	ê°_	SM____ë¨¼í_	 ¨ê_ __ __ ê± ëª°ë__±°ì£ ¸ì_ _ ¨ê_ __ì¤ __ ¬ë_¤ì_ ê°__ ´ê ì§ì³ ¼ì_ __  ¸ì_ ´ê_ __  ì¤ ¬ë_¤ì_ __ ´ì_ì£ ´ì_ __´ë_ ì§ì³__ °ë_ì§ì§ ë§__ ¹ì_ ´ì_ ___©° ¼ì___ ¬ì_ ¤í___ ¬ë_ ¤í___ ê· ´ë_ ê²__ ¹ì_ °ë_¨ë¦´  __ __ __ ¸ì_ ¹ì_ ¼ì_ê° __ ê± ì£¼ì__ ¬í_ë§ __ __ _ __ ê± __ ê± °ë¦¬ ëª¨ë_ ¼ì___ __ ´ë´ì_ ëª¨ë_  ¨ê_ ´ì_  ¨ê_ __ ¡ì_ ê·¸ë¦¬ê³ __ ë´__ °ë¦¬ê° ¨ê_ ë§__ ¸ì_ __ ê·¸ë_ë´__ __ ë¶__ _¬´ __µì_ ë§_£¼¡ì  __ë¡ °ë¦¬ ëª¨ë_ ¨ê_ ë§__´ê ´ë_ __¸ì_ ¸ì_ ê· __ °ë_ ê° ëª¨ë_¤ì_ ëª¨ì_ °ë¦¬ ë§____ __ ë¯¿ì_ê³ ¬ë_ ¬ì ëª»í_ê² ê°ë¡__ê³ __ ´ë_ ¤ì_ __  __ êµ³ì ©ê¸° ¼ì_  __ ê± __ __ _¬¼ _ ë°__ ¤ë_ ë¹__ ë§____ __ °ë_ ëª¨ë_¤ì_ _³µ ë¯¸ì_ë¥ ê·¸ë_ ì£¼ì_ë¥ ¤ë_ë³´ë©´ _¬´ ê°´ì_ __ì£ ¸ì_ ê° ì°¨ì_ ë¯¸ìê³ __¤ì_ _ __ë¥ ë¯¸ì___ ê·¸ë_ ë§__¤ì_ ì¡°ê_ë§ ê°´ì_ ´ì_ °ë¦¬ __ ¬ë_ __´ë_ °ë¦¬ê° ____ ì¡°ê_ ¬ë_ ë³´ì_  __  ë¯¿ì_ ¤ì___  ¸ì_ ¼ë_ __ ê¸°ë_ __ ¼ë_ __ __ ì°¡ê·¸ë¦¬ë©° ¤í_ __ _ __ °ë¦¬ê° ê¿_¾¸ _ ë¹__ ê¸ __ __¤ì_ ¸ì_ ë°__ ê¸ ë³´ì_ °ë¦° ¬ê¸° __ ´ë_ê² ë§__ê³ __ °ë¦° H.O.T let's party!  ¨ê_ __ ¡ì_ ê·¸ë¦¬ê³ __ ë´__ °ë¦¬ê° ¨ê_ ë§__ ¸ì_ __ ê·¸ë_ë´__ __ ë¶__ _¬´ __µì_ ë§_£¼¡ì  __ë¡ °ë¦¬ ëª¨ë_ ¨ê_ ë§__´ê __ë¡ ´ë¦´ ¹ì_ __ __ê² ë¹_¶°ì¤  __ ë¹__ __ ¶ì_ ´ì_ ê³__ë¥ ¤ì_ _ ë¹__ ë°__ë´__  ¨ê_ __ ¡ì_ ê·¸ë¦¬ê³ __ ë´__ °ë¦¬ê° ¨ê_ ë§__ ¸ì_ __ ê·¸ë_ë´__ __ ë¶__ _¬´ __µì_ ë§_£¼¡ì  __ë¡ °ë¦¬ ëª¨ë_ ¨ê_ ë§__´ê ëª¨ë_  __ __ __ ¸ì_ ë´__ ê¼ ë§_£¼¡ì  __ë¡ °ë¦¬ê° ´ë_´ì_ __ __ ¬í_ ´ì_ __ °ë¦¬ ë§__ ¬ê¸° ëª¨ì_ ê¸°ì_ ì¶__ë¥ ´ì_	
19990915	H.O.T.	__!	male	__	1	__ì§	__ì§	SM____ë¨¼í_	"__! _ __ ¸ì_  _¬´_¬´__ __¤ì_ ¸ì___  ê·¸ë_ê² ëª¨ë_ê²__ __µê_ë§ ë³´ë_ê²__ ë°°ì_ì§ __ ì¶__ê²__ ê°ë¦¬ë_ê³ ë°°ì_ì§  ê·¸ë_ê²(ê·¸ë_ê²)  ê·¸ë_ê² ´ê_ ¶ì __ __  ê·¸ë_ê² ê·¸ë_ ë¬´ì___ ë§__ë¡ _¬´ _¬´ _¬´ _¬´ ¤ë_ ¤ë_ __ ë²__ __ __ (__) ë¦¬ê (ë¦¬ê) ëª¨ì¡°ë¦¬ê (ëª¨ì¡°ë¦¬ê) __ ê°ì¹__ ë§__ _¦°_ ë§ (Do you say it?) One for the kid, two for the all ê·¸ë_ °ë¦¬ê° ë§__ __ë¡ ì§ì¼__ê² ë­_ __ê°? (__ __) ê·¸ë_ __¹í_ê³ ë¬´ì_¹í_ê³ ë³´í_ë°_ ëª»í_ê³ ê³__ ê¶_¦¬ì¡°ì°¨ ì§ì¼_£¼ì§ ëª»í_ê³ ê·¸ë_ ¸ì_ê¹_  °ì_ë¡ ´í_ê° ¼ì_ì§ ëª»í_ __¤ì_ ë¶__ êº¼ë_ë¦¬ê_ _ ____ê° ¸ì_ê¹_  ë°_³µ__ ´í_ê° Yeah _µ¬_  ____ ´ì_ê°  ëª¨ë_  _¸°ê²__ ì°¾ì __  ´ë_ ê²__ ë¬´ì_ __ ___ ê¹¨ë_  ê·¸ë_ ë°_ ´ì_ ´ì_ __¨ë_ Wow ë©´ë ê°¼í_ ê¸¸ì_ Show shock, turn your neighborhood block into the battle field ´ì_  ì²__ ¤ê¨ë_ (no lie) °ë¦° __ °ë_ ë³µì___ë²_¦´ì§ ëª¨ë¥´ì§ (yourself) And I'm gonna catch you Ain't no turnin' back you won't be burnin' my kids Put 'em up some dirty cash and get tripher But I'm a lifer, a camouflage cypher From the roof top I might snipe ya ¼ì_ì§ ëª»í_ __¤ì_ ë¶__ êº¼ë_ë¦¬ê_ _ ____ê° ¸ì_ê¹_ __  __ _ª» ë°_³µ__ ´í_ê° __ ¨ê²¨ë²_¦° ì§__ __ ì°¾ê¸° __ ê°ì§ ëª¨ë_ ê²__ ë²__ __ì§ __ê² ¨ì___ __ë¥ ë¯¸ë_ë¥ ì°¾ê_ What ya boys need I got about the ""p"" down Straight about the ""p"" down Make everybody get down Say you around prays ways in a daze days Ain't that fault in them all with embrace hates ¸ì_ê° ëª¨ë_ ê²__ ¬ë_ì§_ ´ê²¨  __ _ì¤__  °ë¦¬__ ¨ì ê²__ ¬ë_´ë_ë© ____ ì¤__  __! __! __! __! °ë¦¬¤ì_ ì¶_µ¬__ ëª¨ë_ ê²__ ¸ì_ ê· __ __ __ì§ ì§ì¼__  ¤ì_ ¸ê¸°ê° ¬ë_ê¹_"	
19960901	¸í´í	ì±__	male	__	1	"_±´,__"	_±´	__ë®¤ì_	ì±__ _ ì±__ __ ë§__ __ê² __ ´ë_ê² __ _µ¬ ëª°ë_ ¨ì_ __ë¦  ì±__ì±__ ì±__  ¼ì_ _³µ_©´ ¬í_ _¬´ê²__  __ê° __ __  ¸ì_ ì±__  °ì_  ë§__ê³ _ ¬ë___ _ _£¨_£¨ __ ê° ì¤__ ëª°ë__ _ë§ ¤ì_ ¬ë_ __ë© ´ê _ª» __ ê°__ê¸  __ê°__ __ ¨ì_  ë²__ ´ë_ê² ë§__  ¸ì_ ì±__  __  __ _³µ__  ê·¸ë_ì§ __  ¸ì_ ì±__  __ _¬¸ _¬´ê²__   __ __  ì²__¼ë_ __ __ °ì_ __ °ì_  °ì_ ë§¤ì_ __ ___ _ë§ ¤ì_ ¬ë_ __ë© ´ê _ª» __ ê°__ê¸  __ê°__ __ ¨ì_  ë²__ ´ë_ê² ë§__  ¸ì_ ì±__  __  __ _³µ__  ê·¸ë_ì§ __  ¸ì_ ì±__  __ _¬¸ _¬´ê²__   __ __  _ë§ ¤ì_ ¬ë_ __ë© ´ê _ª» __ ê°__ê¸  __ê°__ __ ¨ì_  ë²__ ´ë_ê² ë§__  ¸ì_ ì±__  __  __ _³µ__  ê·¸ë_ì§ __  ¸ì_ ì±__  __ _¬¸ _¬´ê²__   __ __   ¸ì_ ì±__  __  __ _³µ__  ê·¸ë_ì§ __  ¸ì_ì±__  __ _¬¸ _¬´ê²__   __ __ 	
19970201	¸í´í	__	male	__	1	_±´	_±´	__ë®¤ì_	´ë_ê² ´ì_  ´ë¦° __ __ __ ë¨¸ë¦¿__ ë³µì___  ´ë_  ____ ´ì_ ì§ì³¤ì ë¶ ë²_¦¬ê³ ¶ì_ ¤ë___ ê·¸ë_ê² ê°_ ì§´ì_ __ ´ë_ê²  __ ë°__ ë´¤ì_ __ __ ê°ë¡__ __ ë²½ë_ __ë¡ ê°____ __  ë§__ _ë§  ´ì_ ì»¸ì_ __ê²__ _·¸ë§__ __ê° __ __ ë°__ __ ê¿____  ì§ì³__ì§ __ ´ì_ __ êµ¬ì_ë°_¸° «ì ì²__ ¤í_´ì_ __ê² __ê° __ __   __ _  __ ë³´ë©´ ë¶¬ì__ __ë¡_  __ ¬ë_ _³µ __ë¥ ¬ê_¶ì __ __ ´ë_ì§ê¸ ë°__ì§ ¬ê¸°ê° ´ë_ê° ì§ê¸ ´ë_ __ __ ê° _ê³³ì_ë¡ ê³__ ¤ë¥´¤í_ __ ëª¨ë_ê± ´ê²¨_ ê³__ ì°¸ì__ ê·¸ë_ __ê°__ __ ¼ë_¸ì __ __ __ ´ë´¤ ì§ê¸  ¸ì_ ëª¨ë_ë¥ °ì_ __ ´ì_  _ __ __ê° __ ¨í_   __  ´ì_ __ êµ¬ì_ë°_¸° «ì ì²__ ¤í_´ì_ __ê² __ê° __ __   __ _ __ë¡ __ ¸ì_ __ê° ê¿__ ë¶´ë_ë¦ ´ë__ __ë¥ ì°¾ì_ __ __ ê¸°ì_ ´ë_ __ __  __ë§__ ë¹__ ì§ê¸_ __ ¤ì ëª°ë_ _ë§ ¸ì_ê° ë¯¸ì_ì§__ _±° __ê² __ ê° ì¤__ ê²_ ë°____ ê¿  ¬ë_  __ __ ê·¸ì ì§ì¼__ ì£¼ê¸°ë§__ __ __ _°¤ ´ê_ __ê°  ´ì_ __ êµ¬ì_ë°_¸° «ì ì²__ ¤í_´ì_ __ê² __ê° __ __   __ __   __ _ì§ë§ ´ê_ __ë¿__ ¤ì_ ê·¸ë_ë¡ __ ê°ê³__ _ __ ê³³ì_ë¡ °ë_ê°ì¤ ê·¸ë_ _ __ __ ë¨¸ë¬¼ê±°ì_ __ ê³__	
19990201	¸í´í	__! __! __!	male	__	55	__	_±´	__ë®¤ì_	light camera action ëª¨ë_ _¸°ë§__ fashion ê°__ nation ë©__ ¤ì_ __ê¹ ëª¸ê__ë¡ ë§___ë¡ ê° _µ¬ ê°__ ì¶__ ëª»ì¶° ì¢__ __ ´ë_ ´ë_ ë¦¬ë___ 1 DJ 2 Turntable Dancefloor ê·¸ë_ __ ___  ´ë_ ë¬¼ê²°ì¹__ ¬ë_ì§ì§  ì§ê·¸ì_ê· ´ë_ê² ±ë_ __ ê°_¸° ¤ì_ __  1 Time ë³´ì_¬ë_ê³ 2 time ê°ë¥´ì_ ¬ë_ë© ì¡¸ë_ ë¶ °ë__©´ ¬ë ___±° ë§_ë¡__ ¤ê_ ì¶¤ì¶°ë´ °ë¦¬ _¸° «ê_ ´ë_ê³ ì§__  _¾¸ ë°_³µ __ __ ¤ê_  __ ëª¨ë_ ____ ê² ê°__ °ë¦¬ _¸° «ê_ ´ë_ê³ ì§__  _¾¸ ë°_³µ __ __ ¤ê_  __ ëª¨ë_ ____ ê² ê°__ ê·¸ë_ ´ì_ __ __ ê±¸ë¦° __  ¤í_ ë³ ê¸´ì_  ¬ë_ ê¸´ì_ __ê¹ ê¸°ê ì£½ì___ ì¶ ì²__ ´ê¹¨ë¡  __±´ê° ê·¸ë_ ê¸°ì_ë¡ ë©_²­ __¼ë_ __ __ë¡ µí_ __ê² __ ë§__ë¨¹ê_ Feel ê°_ë¡ ´ê¹°´ê_  ¬ê_¨ê_ ____ _ ê²¨ë_ ë­__ __ __ _²¨ ¨ë_ê³  ¬ê¸°__ë© ë­_ ¨ë_ê±°ë ê·¸ê±´ ë­_ ë§¨ë_ ê·¸ë_ ¨ë°° ´ë_ ë¿__ì§ __ê³ ¤ì_ __ë¶ __ ì°__ ¤ì_ __ ë¯¸ì___ ëª¨ë_ëª¨ë_ ì¶¤ì¶° êµ ë¶°ê_ì§ ê±°ì_ Im gonna get your  ë¶__ ¤ê_ ì¶¤ì¶°ë´ °ë¦¬ _¸° «ê_ ´ë_ê³ ì§__  _¾¸ ë°_³µ __ __ ¤ê_  __ ëª¨ë_ ____ ê² ê°__ °ë¦¬ _¸° «ê_ ´ë_ê³ ì§__  _¾¸ ë°_³µ __ __ ¤ê_  __ ëª¨ë_ ____ ê² ê°__ _£¼ê³   __ __ __ °ë___ _ª» ´ì_¼ì_ ´í_ ê¸ ´ë_ê°ê° ë¶___ ¹ì_ ë³ë¹_ __ì§ __ ë§__ ____ __ ¸ê_ °ë¦¬ë§__ Feel __ ´ì_  êµ¬ì_ __ _ ê° ´ê_  __ ê·¸ë_ __ __ __ì§ __ ê· ë¬´ì_ê³¼ë_ ë°_  __ ë§__ __´ë_ ì¶¤ì_ ´ë_ê² __ì§ ´ë_ê² ë³´ì_ì¤__ ë©_ê² ´ê_ ê·¸ë_ ¤ê_ __ __´ë_ ê·¸ë¦¬ê³__ ë§__ ì¶¤ì¶°ë´ ê·¸ë_ ¤ê_ __ __´ë_ ê·¸ë¦¬ê³__ ë§__ ¤ê_ ì¶¤ì¶°ë´ °ë¦¬ _¸° «ê_ ´ë_ê³ ì§__  _¾¸ ë°_³µ __ __ ¤ê_  __ ëª¨ë_ ____ ê² ê°__ °ë¦¬ _¸° «ê_ ´ë_ê³ ì§__  _¾¸ ë°_³µ __ __ ¤ê_  __ ëª¨ë_ ____ ê² ê°__ __  ì¶__ ì¶¤ì_ ì¶°ì_ _ __ì£¼ì ë²__ __  ì¶¤ì_ ëª¨ë_ ê³µê__ ë§__ _ ëº¨ì_ ê²_ ê· _µ¬ë³´ë_ ë©__  ë¯¸ì_ __ ê¸°ì_ _ __ ì¹´ë¦¬¤ë_ì§ ì¡°ê_ ë¹¨ë¦¬ ì§__ë© _¦¬¡í_ì§ ë¶_ __ Groove to the breakbeat ¤ë_  _¦¬  __ ë©__ __ì§ ê²°êµ­ __ __ _²¼ ì¶¤ì_ê³ ë§__ê³ ê¸°ë_ ìµ__¼ë_ ì¶  ì¶°ì_ ëª__ ´ëì§  __ë¡ ëª¨ì_ _¦¬ì§ ëª¨ë_ __ ì¶¤ì¶°  ë³´ë©° ê¿__ ¨ê_ _»´ _ __ ê·¼ì_ ê±±ì_  ¨ì_ê³ ë²___ê³ ê·¸ëë¡ __ë¡ ¤ê_ ì¶¤ì¶°ë´ °ë¦¬ _¸° «ê_ ´ë_ê³ ì§__  _¾¸ ë°_³µ __ __ ¤ê_  __ ëª¨ë_ ____ ê² ê°__ °ë¦¬ _¸° «ê_ ´ë_ê³ ì§__  _¾¸ ë°_³µ __ __ ¤ê_  __ ëª¨ë_ ____ ê² ê°__	
19990201	¸í´í	_ ¬ë_	male	__	35	"_±´,__"	_±´	__ë®¤ì_	__ __ __´ì_ __ __ ë°__ë´__ _  ë§__ ì§__ë¡ __ ê°´ì_ ´ì_ì¤__ __ ê³__ë§ __ ¶ì  _ ë°__ __ ëª¨ë_ë¥ ë°__ ë§__ _  ¥í_ __ ¬ë_¸ë_ ê·¸ë_  __ _ ¬ë_ ¸ì_ ¨ê_ __ ë¹__  ¼ì_¼ì¼ë_ __ì§ __ ¬ë__¦¬ ¼ì_ ê¿__ ë¶ ¬ë_ê°__ ë°_ª½__ __ê°  ê²__ ê·¸ê_ _£¼ ë¨ ¡í_ì§ _ê±  __ ê°__ ê¹__ °ë¦°__ ¤ê_ì§ ¬ê¸°__ë© __ë¥ ì£¼ë_ì§ _ êµ¬ë_ê°__ Come Come Come _ ¬ë___ Love Love Love  ê³__ ¨ì_ê²  ¬ë_  __ __ ¬ë_´ì_ __ __ ê·¸ë_ë´__ ë¶_ __ ´ë_ ¬ë_ __ ê°´ì_ ´ì_ì¤__ __ ê³__ë§ __ ¶ì  _ ë°__ __ ëª¨ë_ë¥ ë°__ ë§__ _  ¥í_ __ ¬ë_¸ë_ ê·¸ë_  __ _ ¬ë_ ¸ì_ ¨ê_ __ ë¹__  ¼ì_¼ì¼ë_ __ì§ __ ¬ë__¦¬ ê·¸ë_  ë°_³´__ _¾¸ë§ ë©´ì_ê°  ¬ë_  ¡ì ëª»í_ê³ ¼ì_ _¬¼ë§ __ ê·¸ë_  __ _ ¬ë_ ¸ì_ ¨ê_ __ ë¹__  ¼ì_¼ì¼ë_ __ì§ __ ¬ë__¦¬ ê·¸ë_  __ _ ¬ë_ ¸ì_ ¨ê_ __ ë¹__  ¼ì_¼ì¼ë_ __ì§ __ ¬ë__¦¬	
19990201	¸í´í	³¼ ë°	male	__	40	__	_±´	__ë®¤ì_	_¹¨ ¼ì_ __  ë°__ ë°__¤ë_ ë³´ë©´ °ë_ __  ëª¸ì_ ê°__ _©´ ¤ë_ _£°  ´ë_ê²  ë³´ë_ê¹ °ë_ __ë³´ë_ __ë§ ê²__ ë°_¸¸ ´ë¦¬ __ ë¦ __ê°ì§ ì£¼ë¨¸ ê±±ì_ __ __ êµ¶ìë§ ´ê_ ë²_°¨ ë²__ì§ë§ ê·¸ë_ ëª¨ë_ ê²__ ë¬¼ê±°__ __ê°ê³ _ ì¢  »ì_ë³´ë_ì§   ì°¾ì_ ë¹¼ë¨¹_ __´ë_ ê·¸ë_ __ _ ë°__ì£¼ì __ì§ _ ____ ê±´ì ¤ê³³ _ ¨ì_ê³ __ ¡ì_ ì§__ë¿ ¸ëª¨__ ë²_¦¼ë°_ °ë_ê¸°ì_ ë¶_³¼  êµ¶ì£¼ë¦ ë°__ __ë§ ê°  __ __ì§ __ __ ì±__ì§ì§ ëª»í_  __ ë¹_°¸ ´ë£¨ì§ ëª»í_  ê¿__ ëª¨ë_ __  ´ë_ ´ë_ë¡_ ê°¤ê ê° °ë_ì§ê³ ë§____ ì±__ì§ì§ ëª»í_  __ ë¹_°¸ ´ë£¨ì§ ëª»í_  ê¿__ ëª¨ë_ __  ´ë_ ´ë_ë¡_ ê°¤ê ê° °ë_ì§ê³ ë§____  __ 18 __  ê±°ë¦¬ê³ __  ì§ __ ì§ ë³ ì§ ¤í_ê³ _   __ ëª¸ì_ ë°°ì_ ë²_¦°ì§ê° 10 _¬´ ë¹___¸° ì§__ __ __ ´ë_ ¤ë_ ´ë_  ¸ì_ ê°__ ë°__ ´ë_ì§__ _§¹ ê½ ì° _¬¸ ___ê° ê°_¡° ´ì___ __¥ì_ ì¡°ì_´ì_ ëª¸ì¡°¬í_  ê± __ ¬ë¦¬ê²_ oh  ´ë_ ê°ë© ê²__ ¬ë_ì§ê³  ëµ__ê² __ ê¸__ë¬ °ì_ë§ __ê¹ ë°°ì_ê² __    ëª¨ì_ ´ê¼´¸ê  ê° ê°_°© ´ì _°© ê·¸ë_ê²  ê° ´ë_   ë²__ __ ë§_¹¨ ´ì_  __ ê°_°¬ __ ë°°ì¶§__ __   __ ìµ__ì§ ´ì_ê°ê¸ __ GET MONEY ´ë_ ë§_ë§__ê¸ ë°__ __ ë§__ ´ë_ ë³´ì_¤ì _ì² ¼ë_ ì§ê²¹ê_ ¨ì_ ë¨¸ë¦¬ ê°__ ê² ¤í ë²_¦´  ____ ´ë_ __ ê°_ë²_¦° ë²__ê°__ __ ë¹__ ë³´ì ëª»í_ê±´ê ì±__ì§ì§ ëª»í_  __ ë¹_°¸ ´ë£¨ì§ ëª»í_  ê¿__ ëª¨ë_ __  ´ë_ ´ë_ë¡_ ê°¤ê ê° °ë_ì§ê³ ë§____ ì±__ì§ì§ ëª»í_  __ ë¹_°¸ ´ë£¨ì§ ëª»í_  ê¿__ ëª¨ë_ __  ´ë_ ´ë_ë¡_ ê°¤ê ê° °ë_ì§ê³ ë§____ ë²__ ê°__ ë²__ __ì²__  __ ë§__ ë³´ë_ __ __ ë²__ ê· ë§_ __ ´ë_ ¨ì_ ë°__ __  ë¶__  ì£¼ì²´_¸°ê° ´ë_ ´ì_ 10 ê±°ì_ ê±±ì_ __  ê³ ë¨¹ê_ ´ì_ ë°°ë_ë¦ ë¨¹ë_  ëª__ë¥ ¬ê_ ì¹_µ¬ ¸ì_ ë§_µ¬ ¬ì ´ì_ ´ë_ ê·¸ëë¡ __ ¶ë_ë© ë­__ì§  ·ì ê°__ __ ì§__ ê° ë©__ ë²__´ë_ ê¸_´´  ¤ë ì¤__ ´ì ë§_ ê¸°ì_¤ê³¼ Bodyguard  ë°__ ë²__ ê¸°ë©° ____ ¸ê_ ëª¨ë_  ë¶¬ì_  _ ´ê_ __ ê±°ë __ _²½ _²´ ´ì_ ê¿__ê± __ ëª©í_ ´ê_ __  ê°__ __ê² __ ____  __ __  ì§__ê³  __ __ê³__ ì¶____ ´ì_ê³ ëª¨ë_ ê°__ __ __ __ ¤ë¥¸  ¼êµ´ ëª¨ì_  ëª¨ë_ ë³  ¸ì_ ì£¼ì_ ´ê __ì§  ____ ___ ëª»í_ _ì§ __ _ __ê± ê¹¨ë___ ê·¸ë_ê² __ __  _ ë°_³´ ì±__ì§ì§ ëª»í_  __ ë¹_°¸ ´ë£¨ì§ ëª»í_  ê¿__ ëª¨ë_ __  ´ë_ ´ë_ë¡_ ê°¤ê ê° °ë_ì§ê³ ë§____ ì±__ì§ì§ ëª»í_  __ ë¹_°¸ ´ë£¨ì§ ëª»í_  ê¿__ ëª¨ë_ __  ´ë_ ´ë_ë¡_ ê°¤ê ê° °ë_ì§ê³ ë§____ ì±__ì§ì§ ëª»í_  __ ë¹_°¸ ´ë£¨ì§ ëª»í_  ê¿__ ëª¨ë_ __  ´ë_ ´ë_ë¡_ ê°¤ê ê° °ë_ì§ê³ ë§____ ì±__ì§ì§ ëª»í_  __ ë¹_°¸ ´ë£¨ì§ ëª»í_  ê¿__ ëª¨ë_ __  ´ë_ ´ë_ë¡_ ê°¤ê ê° °ë_ì§ê³ ë§____  ´ë_ë¡ ê° _¸¸ë¡ __ __ ´ë___ ë§__ê¹  ê±°ìë¡ ´ë_ ê°_¸¸ë¡ __ __ ´ë___ ë§__ê¹  ë¨¼ê¸¸ë¡  __ì§ê³ __ __ ´ë___ ë§__ê¹ __ê¸¸ë_ __ì§ê³ __ __ ´ë___ ë§__ê¹ uh Make your neck work Make your neck work uh uh ha ha	
199611	Hamohamo	ë¹__ (ê·¸ì_ __ __)	male	´í½º	48				ë®¤ì_ ©í_ë¦	ì¡°ê_ ´ì¬ì_ì§ ì°¸ê¸°ê° ____ì§ ¬ë_ __ _ __ __¸ì_ì§ __¸ê ¬ì___ê° _ ì²__ ë´¤ë_ ê· _ ì§ê¸__ì§ __ __ ¸í_ __ __ ¬ê¸° ê¸  £ë_ ½ì_ êµ¬í_ ë¨¹ì_  ë§__  __ ë¹_°¸ ë³´ì_ __ê²__ë¶ ì¤__  __ __  ___ _¹¤ _ ì§__ ëª__ ´ë_ ë°°ê_ __ __ ë¨¸ë¦¬ __ ë¨¹ì_ ë°¥ì_ ìµ__ ê³µë ëª»í_ __ ë¨¸ë¦¬ ¼ë_ __ê° »ì  «ê_ ê°__ì§ __ ë¨¸ë¦¬ ì£¼ì_ _ ëª¨ë_ê°  ê·¸ë_ ¼ë_ __ ë§__  __ ´ì_ê° __ _ë§  ê²¨ì_ ¬ë_ ____ì§ ë³_±° __ ¤ê_ __ì¹_±° __ ê³__ê³ ¶ì_  ´ì_ ì°¸ê¸° __ __ ê³_´ë_ê¹ ë¹__ __ ë­_ _£¼  ê±°ì_¼ë_ ´ê¸¸ ë°__ì§ ¤ë¥¸ ´ë_ __ì²__ ê·¸ë_ê¸°ì_ _¬´ __ê³ _»´ ê·¸ë_ ¼í_ _ __ ê± __  __ê²__ ´ë ì¤____ __ ´ëë¡  _±° _ë§_   __ __ __  ë°__ __ __  ___ _¹¤ _ ì§__ ëª__ ´ë_ ë°°ê_ __ __ ë¨¸ë¦¬ __ ë¨¹ì_ ë°¥ì_ ìµ__ ê³µë ëª»í_ __ ë¨¸ë¦¬ ¼ë_ __ê° »ì  «ê_ ê°__ì§ __ ë¨¸ë¦¬ ì£¼ì_ _ ëª¨ë_ê°  ê·¸ë_ ¼ë_ __ ë§__  __ ´ì_ê° __ _ë§  ê²¨ì_ ¬ë_ ____ì§ ë³_±° __ ¸ì_ ¬ë_ __ê¸ __ °ë¦¬ê° ê°__ê² __ ê³_ ¬ì_ ê·¸ë_ì§ë§ ´ì_ _ __ ê³³ì_  ë¨¸ë¬¸ ê² ì²__ ¤ê_ __ì¹_±° __ ê³__ê³ ¶ì_ __ ì°¸ê¸° __ __ ê³_´ë_ê¹ ë¹__
199611	Hamohamo	True Love	male	¹ß¶óµå	73				ë®¤ì_ ©í_ë¦	¬í_ì§ __ ´ì°¨ ¼ì_¼ë_ __¼ë_  ¤ì_ë¡_ ____ ë¿ ê·¸ë_ ´í_ë¡  ê°´ì_ __ ë©__ë§__ _¦¬__ __ê³ _¬´ë¦ __ ´ë_ __ __ __ ëª¨ë¥´ê² ´ë_ ¨í_ __ ê·¸ë¦¼__ ê°_°¨ê³ __¼ë_ê¹  ì£¼ì_ ë³ __ ê°_ ëª¨ì_¼ë_  ë°__ë³´ìë§ _ __ ´ì_ë¡ ´ë_ê²  ë§__ __ê² ê°__  ____ ¨ê²¨ì§ °ì_ __ ¨ê²° ´ë_ê² ì§°ë_  __ __ ê·¸ë_ ê·¸ëª¨ ´ê_ë¡ ¤ì_ __ì¤  __ê°_ë§ ì§¸ì_ __ ¬ë_ ì§§ì ´ì_¼ë_  ê¸°ë_ë¦´êº¼ ¸ì_ê° ´ê_ë¡ __ _ ë¯¿ì_ë© °ë¦¬ê° ¨ê_ __ __ __¤ì_  ì§¸ì_ __ ´ì___ ¥í_ __ ë§ ´í_ _ë§ __ ë¿__  ____ ¨ê²¨ì§ °ì_ __ ¨ê²° ´ë_ê² ì§°ë_  __ __ ê·¸ë_ ê·¸ëª¨ ´ê_ë¡ ¤ì_ __ì¤  __ê°_ë§ ì§¸ì_ __ ¬ë_ ì§§ì ´ì_¼ë_  ê¸°ë_ë¦´êº¼ ¸ì_ê° ´ê_ë¡ __ _ ë¯¿ì_ë© ì§ê¸ ´ê ë³´ì___  __ê°_ë§ ì§¸ì_ __ ¬ë_ ì§§ì ´ì_¼ë_  ê¸°ë_ë¦´êº¼ ¸ì_ê° ´ê_ë¡ __ _ ë¯¿ì_ë© ì£¼ì_ ë³ __ ê°_ ëª¨ì_¼ë_  ë°__ ë³´ìë§ _ __ ´í_ë¡ ´ë_ê²  ë§__ __ê² ê°__  ____ ¨ê²¨ì§ °ì_ __ ¨ê²° ´ë_ê² ì§°ë_  __ __
199611	Hamohamo	__ ì¹´ë_	male	__	73			ë®¤ì_ ©í_ë¦	__ê°__ë© ¸ì_  __ _¸°ì§ __ ë³´ì_ ì¹´í_ ê· __ ë§_ ¬ì_ ì§ê° ¤ë_ ¤í_¸ê ëª¨ë_ ´ë°° ¼ê_ __ ¤ë¦¬ ê¼¬ê_ __ __ê³ __ ì¹_µ¬ ì§__ë© ê·¸ë_ ë§__ __ __ ¬ì_ ì±   ë¶ëª¨ë_ __ê¹ ê·¸ì_ê°  __ ¡í_ __ __ _²° __ __ OH MY GOD __ ´ë__ ê·¸ë_ ëª¨ì_ ë³´ì_ì§ ë§__ì¤ ëª¨ë_ __ê² ë°°ì_ ì¤ _±° __ __ ¬ì_ê± ê°__ __ë²_¦¬ê³ __ ê·¸ê±´ ¨ì_ë§__ __¸ê±° ë§ ì§____ ¤í_  __ ½ì___ ____ ë§  £ë_ê±°ë_  ë§_ ê·¸ë_ê² ì¤____ £ì __ __ ê·¸ë_ __  __ «ì_ __ _£¼ ê·¸ë__ ë³ëª __ë§ ë¯¿ê_ ´ê ê·¸ë¦¬__ _©´  _ ì§ê¸ ê¹¨ì_ì§ ½ì_ ì¤__ ë°__ ´ë_ ´ê _ ©ì__¸´ ëª¨ì_  _ __ ê·¸ë_ê±°ì_  ê²__ ___©° __ __ê³ ¶ì_  ¬ë___ë© ´ê __ ê± ¤ì_ì£¼ê¸°ë¥ __ ê°´ì_ ¨í_ __ë§ ì±__ _¸¸ ë°__  __ê² ë§__ ê³¼ê±°__ °ì_ ¬ë_ ê°__ë© ¬ë_ ê±°ë¦´_ë§ ¬ì___ __ ë³´ê¸° «ì_ __ ê·¸ê_ ¤ë_ __   ¬ì___ ¨ì  ê±±ì___ ê² ë¿__¼ê_ ë§__ê³ ¶ì_ ë¨ ë¯¸ë___ °ë¦¬ê° __ë¡ __ _ __´ë_  ¤ë_ _ ê·¸ë_ì¤_ __ __ ëª°ë_ _ ´ì_ë¦¬ì __ê±  __ __ ì²___ _ ëª¨ì_ __ ì¢__ ¤ì_ ì²__ ë´¤ë_ __ __ê°  _ __ ê·¸ë_ê±°ì_  ê²__ ___©° __ __ê³ ¶ì_  ¬ë___ë© ´ê __ ê± ¤ì_ì£¼ê¸°ë¥ __ ê°´ì_ ¨í_ __ë§ ì±__ _¸¸ ë°__ ë§__ ¤ì_ë²__  ´ë_ ¼ì_ __ _ ê³__  __ë© __ __ ì¹´ë_ë¥ ë³´ì_ê³ ë§_±° ´ë_´ë ë¬´ì_ ê¸_ ë°__ __ê² ê¸°í_ë¥ ì¤__ ì§¬ê±°¼ê_  ë¯¿ì_   ¬ë___ë© ´ê __ ê± ¤ì_ì£¼ê¸°ë¥ __ ê°´ì_ ¨í_ __ë§ ì±__ _¸¸ ë°__  ¬ë___ë© ´ê __ ê± ¤ì_ì£¼ê¸°ë¥ __ ê°´ì_ ¨í_ __ë§ ì±__ _¸¸ ë°__	
199611	Hamohamo	¸ì_ _ __	male	__	82			ë®¤ì_ ©í_ë¦	__ __ __ __ __ __ __ __  __ __ ë¹_¶°ì§  ¸ì_ ëª¨ë_ê± __µì __ __ ´ë_ __ë³´ì_ ì´__  ëª¨ì_  _¬´ ´ê___ _µ¬ ____ __ ____ _ë§ ____ ë¯¸ë_ê° ____ ê°ì§__ ___ ¸ì_ ë²_¦°ê±¸ê_ ¸ë_¸ë_ ¸ì_ ____ ¬ë_ ë¶ ëª__ë§__ _¼ê_ ë§___ ´ë¦´ ê¿____ ¸ì_ ´ì_ ´ë___ ì°¾ì__ __ ´ê_ ë³´ì_ì¤  ¤ë¥¸ ¸ì_ __ ê¿__ ¤ì_ __ __ __ê² ë§__ì¤ __ë¥ ´ì_ __ __ ¤ì_ ì°¾ì___ê² __ __ ì»¤ë_ ì°¨ì_ ´ê _ _ __ ¬í_ ëª¨ë_ ´í___  ë§__ ¸ì¹¨ ¸ì_ ____ ¬ë_ ë¶ ëª__ë§__ _¼ê_ ë§___ ´ë¦´ ê¿____ ¸ì_ ´ì_ ´ë___ ì°¾ì__ __ ´ê_ ë³´ì_ì¤  ¤ë¥¸ ¸ì_ __ ê¿__ ¤ì_ __ __ __ê² ë§__ì¤  ¤ë¥¸ ´ì_ __ __ ¤ì_ ì°¾ì_ __   __ ë¹_¶°ì¡__ ¸ì_ ëª¨ë_ê² __´ì_ ëª¨ì_¤ê³¼ _ ëª»í_ ´ì_ê¸°ë_ ´ë_ ¸ì___ ëª¸ì_ ´ê_ ¶ì__ ê·¸ë_¤ê_ ±ì___ __ ¼ì_ ëª¨ë_ ë§__ ·í_ê²__ì¤ ëª¨ë_  _¬´ë¦ __ _©° ëª¨ë_ ëª¨ë_ __ ____ì§ ëª¨ë_ __ê² ¬í_ë¿__  ´ê_ ë³´ì_ì¤  ¤ë¥¸ ¸ì_ __ ê¿__ ¤ì_ ____ê² __ê² ë§__ì¤  ¤ë¥¸ ´ì_ __ __ ¤ì_ ì°¾ì___ê² __ __ __ __ __ê² ë§__ì¤  ¤ë¥¸ ´ì_ __ __ ¤ì_ ì°¾ì___ê²	
199611	Hamohamo	Pang Pang (_³´ _ )	male	__	76			ë®¤ì_ ©í_ë¦	´ë_ê° ´ë_ ¬ì_ __ê±°ì_ ¸ì_ ´ë_ _ __ì§ °ì_ __ ê´_°® ê·¸ëë¥ °ë¦¬¤ì ê·¸ë_ê² ë§__ì§ ¸ì_ ë¬¸ì_ê° __ ì¹_µ¬ê° __ê° __  ì¤_ ëª°ë_ ì°¨ë_ë¦ ê·¸ëë¥ ë³´ì ëª»í_¤ë©´ __ ì¹_µ¬ë¡ ¨ì_ __êº¼ì_ ê·¸ë_ ë§__ __ ¤ë_ ì¹_µ¬ °ê ¬ê¸°ê¸ ë§__ê³  _ __ ë¹____ _¬´ _¬´ ë§__ °ë¦¬¤ì_ ¤í ì¢____ ì¹¼ë_ __ëª»í_ ê· ê³³ì_ ¼ì_ ¡ë_ ê²__ì§ ë§__ __ TWIN__ ì²__ ë§__  ¬ì_ë¥ ¬êê³ ¶ì_ ¼ê_ _©´ ¸ì_ ME TOO _ë§ ´ë_ë§_ __ ¸ì_  ìª½ì_ __ _³´ ë§__ __ê±°ë_  __ ¬ë_ ëª»í_ë´¤ì_ ¨ì_ ì° __ _¦¬ ë¹__ì¤ ê²__ ´ë_ë§ ê·¸ë_ê²  ì£¼ê¸´ __ ´ë_ ê¸__ ê° ëª©ì_ë¦¬ë_ ì¹_µ¬ ë§__ì§ °ì_ ¼ì_ ëª __  °ë¦¬ ´ë_ê²  ì¤__ __ ê·¸í_ë¡ ê·¸ë ¨ê_  ì¹_µ¬ ê· ëª¨ì_ ë³´ë©´ _ ¬ì_ ê·¸ë_  ë§__ ê· __ ¸ë¦° _¦¬ë¥  ¤ì_ _ ¥í_ __ ¬ì_ ê¹¨ì¼ê_ ì£½ì_ ê¸°ë___ ´ê±´ __ __ ____ _¬´ ê¸°ë___ _ë§ ´ì_¤ê ´ê ´ë_ ë§__ __ __ __ ´ì___ ê±°ë_ OH SORRY ê·¸ë_  __ ì¹_µ¬¸ë_ __ê¸°ë ë¹__ì¤__ __  ìª½ì_ __ _³´ ë§__ __ê±°ë_  __ ¬ë_ ëª»í_ë´¤ì_ ¨ì_ ì° __ _¦¬ ë¹__ì¤ ê²__ ´ë_ë§ ê·¸ë_ê²  ì£¼ê¸´ __ ´ë_ ê¸__ ê° ëª©ì_ë¦¬ë_ ì¹_µ¬ ë§__ì§ °ì_ ¼ì_ ëª __  °ë¦¬ ´ë_ê²  ì¤__ __ ê·¸í_ë¡ ê·¸ë ¨ê_  ì¹_µ¬ ê· ëª¨ì_ ë³´ë©´ _ ¬ì_ ê·¸ë_  ë§__ ê·¸ì___ ¸ë¦° _¦¬ë¥  ¤ì_ _ ¥í_ ´ì_ ¤ë¥¸ ¬ë_ ____ ê± __ ê·¸ë_ _ ê·¸ëë¥ __ ê¸°ë_ê° _º¼ __ ë¯¸ì__ _ë§ ´ì_ _ ê²¬í_ ë³´ì_ê¸°ë_  _³´ _  ê·¸ë ¬ë_ ¼ì_ ì°¨ì__  __ê² ë§__ê³ ¶ìê± _ì§ ë¿__ __ ´ê_  ¬í_  _©° ´ë_ë¡ ¤ì_  __ ¬ë_ ê·¸ë_ ¼ì _¸°ë¥ __ ë¶__	
199611	__	__ì²´í_	male	__	71	´ê±´	ë°_·¼	DSP ë¯¸ë_	ë§__ _·¼ _·¼ ê°´ì_ ì¡°ë_ ì¡°ë_ ì²«ë_  ë³´ê_ ì½©ê_ì§ê° __ì¡__ ë°__  ¬ì_  êº¼ì_ _¬´ ì£¼ì ____ ì§ê¸ ´ê_ ¤ê  ë§__ ´ê_ cause youre my baby __ ´ë_ everybody say yeah  ë§__ ´ê_ cause youre my baby __ ´ë_ everybody say yeah  __  ë§_¶¤ __ __  __ ___ ê· __ __¨ì_  ë­__ê³ ¤ë_  ì¡°ì°¨ ___±° ê·_ ì²__¤ì_ ¸ë__¦¬ ¤ì__ ¸ì___  __ ¤ì_ë³¸ì_ __ ¸ë_ __ ëª¨ì_ ____ ¤ê __ __ ì´___±° Hey ëª¨ë_ê²__ ___ ê°__ _ __ ì¡°ê_ ì§__  __ì§ ¤ì_ __ ê· _¦¬ ê°ê³ ¶ì_ ê· ê²¨ì_ë°¤ì_  __ ¼ì_ë¶__ ì¶__  __ ê²¨ì_ ¹ì_ °ë_  ¬ê·¼__ ´ì_ __  ê·¸ë¦¬ _ «ì_ì§ê² ì³__ë´__ _ë§ ê·¸ë _ _¬´ ë§__ ì§ê¸__ ê°ë§__ __ ê°__ë© __ ë¹__¤ì_ ê· ¥ë©´ __ë¥´ë©´  __ _·¼_·¼ ê°´ì_ ¨ë¦¬_±° ´ëë¡ ____ ë¨¸ë¬¼  __ê±´ì ¤ê__ ê· __ __ __  ê²__ __ ëª¨ì_ __´ë_ ¤ê  __  ë§_¶¤ __ __  __ ___ ê· __ __¨ì_  ë­__ê³ ¤ë_  ì¡°ì°¨ ___±° ê·_ ì²__¤ì_ ¸ë__¦¬ ¤ì__ ¸ì___  __ ¤ì_ë³¸ì_ __ ¸ë_ __ ëª¨ì_ ____ ¤ê __ __ ì´___±° Hey ëª¨ë_ê²__ ___ ê°__ _ __ ì¡°ê_ ì§__  __ì§ ¤ì_ __ ê· _¦¬ ê°ê³ ¶ì_ ê· ê²¨ì_ë°¤ì_  cause youre my baby everybody say yeah cause youre my baby everybody say yeah	
199611	__	´ë__	male	__	50	ë°_¸°	ë°_·¼	DSP ë¯¸ë_	¸ì_ê° °ë¦¬¤ì_ _µ¬__ ____  __ ê°  ´ì___ ë³´ê_ ë§__ì§  _¬´ __ ê·¸ë ·ëª¨ ë³´ê_ ê·¸ë_ ì²«ë_ ë°__ê³ ë§__ _¦¬ê¹_ ´ë_¤ë_ ë¨¸ë¦¬ __ _¦¬ ê· _¦¬ __ë³´ë©´ __ ì¢__ë¦ ´ì_ ¬ë_ê° ê·¸ë __ ¤ë__³¸ __ ¨ì_ __ __ ê· ¬ì_ ë¯¿ì_  __ ´ë_ ¼ì_ ¼ì_ ì¤ __ ëª°ë_ ê·¸ë_ ¼ì_ __ __  __ _¬´ ë§__ __  __ê° __ê³ __¤ë_ ê¸  __ ê´_²½ ëª©ê²©__ __ê¶__ _¸´ _ ¸ê_ __ ____ ¡ê_ ë´__ì°¨ë_ __ê°__ - °ì_¬ë_ _´´ë²__ __ __ ¤í_ ´ë__°¨ê¸ ê· ¬ë_ __ì§ê³ ____ ë§ °ë¦¬ __  __ __ __ ê· ¬ì_ ë¯¿ì_  __ ´ë_ ¼ì_ ¼ì_ ì¤ __ ëª°ë_ ê·¸ë_ ¼ì_ __ __  __ _¬´ ë§__ __  ê¸°ì___ ¶ì_ _ë§ ë³__ ____ ¶ì _ë§  ë¨¸ë¦¬ë¥ __ì§ __ ë§__ _£¨ì¢__ ë§´ë_ ´ë_ ¸ë_ __ ë©____ ¤ì__ ëª»í_ __ __ ê· ¬ì_ ë¯¿ì_  __ ´ë_ ¼ì_ ¼ì_ ì¤ __ ëª°ë_ ê·¸ë_ ¼ì_ __ __  __ _¬´ ë§__ __ ´ê ë§__ ê·¸ëë¡ ì§_³¤¤ë©´ ´ë_ ¸ë_ ê¸¸ë___ °ì __ ê·¸ë_ ¼ì_ __ __ __ ë§__ ë°_³´ ë§__ ¤ì_ °ë¦¬ ´ë¨¸_ ë³´ë©´ ë­__ ë§__ê¹ °ë¦¬ __ì§ê° ë³´ë©´ ë­__ ë§__ê¹ ¸ì_ ´ë_ë³´ë©´ ë³__  _ë§ ´ë_¼ì_ ´ê_ ¼ì_ ì¤__ ´ë__  __ ¤ë_ ´ì_ __ì§ë§ ´ë_ê² ´ê_ ´ë_ ¼ì_¬ì_ê¹ ´ë__  __ ´ë¦°´ê __ì§ë§ ¸ì_ ´í_  __ê² ë§__ ´ë__	
199611	__	Bow Wow	male	__	47			DSP ë¯¸ë_	TVë³´ê¸° __ ¤ë__¸° ë¯¸ì___ ëª»ë³´ __ë³´ê¸° ´ë¥¸ __ê³ ´ë_ê°_±°   ì»¤ë_ë¦ __ «ì_ __ __ ë¡ _¤ê_ __ ê·¸ë_ ´ë_ì¯¤ì_ ¤ìë§__ ê²½ê_ _ë§ ´ë_ë§ ____ë© ê·¸ë_ ê¶__ ´ì_ ëª¨ë_ê²__  ë°_ê° __ë©  _ ´ë¥¸ __ _¸°_±° BOW WOW __¶ì ê²__ ëª¨ë_  ë§__ë¡__  __ ´ë_¼ë_ ´ì_  ¼ë_ ì¢__ê¹  ´ë_ë§ _ __ê¹  ´ë_ ë°__  ê¿__ê± ê¶__ ´ì_ ëª¨ë_ê²__  ë°_ê° __ë©  _ ´ë¥¸ __ _¸°_±° BOW WOW __¶ì ê²__ ëª¨ë_  ë§__ë¡__  __ ´ë_¼ë_ ´ì_  ¼ë_ ì¢__ê¹  ´ë_ë§ _ __ê¹  ´ë_ ë°__  ê¿__ê± BOW WOW __¶ì ê²__ ëª¨ë_  ë§__ë¡__  __ ´ë_¼ë_ ´ì_  ¼ë_ ì¢__ê¹  ´ë_ë§ _ __ê¹  ´ë_ ë°__  ê¿__ê±	
199611	__	¼ì_¬ê_	male	__	60	´ë_ (Pi Lee)	__	DSP ë¯¸ë_	"_ __ °ë¦° ì¹_µ¬ _ë§ ¼ì_ __ ¨ì_´ë_ ì²__ë¶ _ ¬ë__±´ __ ´ë_  ë³´êê³ __ ¸ì_ ¨ê_  ë§__ë© ¸ì_ì§ë§ _ë§ ¼ì_ __ë§ ì¹____ °ë¦¬ ë§¤ì_ __ê´ ê°__ ¬í_ __ê´ ê°__ yeah! _£¨ë§ ¨ì_ __ë© __ ê°_ ____ê² ê°__ °ë¦° _ __ê¹  __ ¬ì_ __ê¹ yeah! __ ì¡°ê_ __ê°ê³ __ ê³µì£¼ë³__ ê±¸ë¦° °ë¦¬ ê³µì£¼ _ __ °ë¦° ì¹_µ¬ _ë§ ¼ì_ __ ¨ì_´ë_ ì²__ë¶ _ ¬ë__±´ __ ´ë_  ë³´êê³ __ ¸ì_ _ ë³´ë©° ê³°ê³° ___ ¸ì_ê° °ë¦¬¤ë_ ê°__ ê¸ ê°ê²_ _ë§ °ë¦¬¤ì_ ê³µì£¼ ¸ì_ ê· __ _°¨ì§ yeah! __ ë§__ ëª»í_ _³´ _·¹__ ê· __ ì¢__ì§ ¸ì_ë¶°ì_ì§ __ __ ë¯¸ì__ ¬ë_¼ë_ yeah! ! ê·¸ë_ ´ë_ ê·¸ë__ _²¼½ì_ ¨ì_ì§_±° _ __ °ë¦° ì¹_µ¬ _ë§ ¼ì_ __ ¨ì_´ë_ ì²__ë¶ _ ¬ë__±´ __ ´ë_  ë³´êê³ __ ¤ë_ê² _ __ __ ¸ì_ ±ê·¸¬ì_ _ª¬¥ê¸°ì²__ ¸ì_ê° __  ê°_¸¸ ê°ê²_ë§ ì§ê¸_ _ ë³´ê_ __ì¤  ¸ì_ __ °ë¦¬ ì¹_µ¬ _ë§ ¼ì_ __ ¨ê___ ´ë___ __ ê·¸ë ¤ë¹¤ _¬ì_ yeah! __ê² ì§_¦° ê· _ ¬ë_ì§ê³ ì£__ ´ê __ __ ê³____ __ê² ¸ë_´ì_ __ __ë´, ¤ì_ë¶ ë§__ yeah! __¤ë_ ê¸¸ì_ ê·¸ëê° ë§__ì§ ì¢__ ¬ì_ _ ì¢__ ê·¸ë_ë§_ _ë§ ì§ê¸_  __ì¤ ¬ë_´ë ë§_ ½ì__ ´ì_ë¶  ì¢__´ì_ _ __ °ë¦° ì¹_µ¬ _ë§ ¼ì_ __ ¨ì_´ë_ ì²__ë¶ _ ¬ë__±´ __ ´ë_  ë³´êê³ __ ¤ë_ê² _ __ __ ¸ì_ ±ê·¸¬ì_ _ª¬¥ê¸° ì²__ ì§ì¼__êº¼ì_ __ ëª¨ë_ ê¿__ ¬ë_¤ë_ __ ê³µì£¼__"	
199602	__	__ ¬ë_	male	ë°__	66	x	x	DSP ë¯¸ë_	´ì_ë© __ __ ê·¸ë¦¬ ___ ëª°ë_ ´ë_  ì§ê¸_ ¤ê_ ë³´ë_ ´ì_ ¸ì __ _°©__ ´ë_  ì´__¨ì_ ´ê¸´  ´ê³³ __ ¸ì_ _ ì§¬ê_  _ __ __ __ ë§_ __ __ __ ê´_°® ´ë_  ëª¨ì_¤ì_ _¬´ ____  __  __ê² ë§__ì¤__ ¸ì_ __ ¬ë___ê³  ´ì_ë© __ __ ê·¸ë¦¬ ___ ëª°ë_ ´ë_  ì§ê¸_ ¤ê_ ë³´ë_ ´ì_ ¸ì __ _°©__ ´ë_  ì´__¨ì_ ´ê¸´  ´ê³³ __ ¸ì_ _ ì§¬ê_  _ __ __ __ ë§_ __ __ __ ê´_°® ´ë_  ëª¨ì_¤ì_ _¬´ ____  __  __ê² ë§__ì¤__ ¸ì_ __ ¬ë___ê³	
19970514	__¤ì_	¬ë_ ê° ê¸(¼ì_¼ì_)	male	__	2	ê¹__	ë°_·¼	DSPë¯¸ë_	 ¼ì_ ´ê_ ì£½ê_  _¬¸ ´ê_  _¬¸ ì£½ê_  ¼í___ ì£½ê_ ´ê_ ¬ë_´ê ê°  ê· ê¸¸ì_ ê¸¸ì_  _¬¼ °ì_ __ ëª»ì_ ¼ì_¼ì_ ¬ë_ ê° ê¸¸ì_ ê¸°ì£½ì§ë§__ __ _¡´¬ë_ ì§¤ë©° _¬¼ °ì_ ´ê_ __êº¼ì_ ê°´ì_ __´ê_ __ ê·¸ë _ __ ë§__ __ ë¬´ë_ì§ ê² ê°__ ¨ì_µê_ ê·¸ë_ ë³´ë_ì¤¬ì ê¸°ê ë§_ §ê êµ°ë ê°__ _ë§ ë¨¸ë¦¬ê¹_¸° «ì_ ¤ì_ __ ê³_³¤ì§  __ ë§__ ë­__ _ _ë§ ë¨¸ë¦¬ ë¹¡ë¹¡ ê¹__ ê±  ê²¬ë_ __ ê·¸ì __´ë_ê³ ë§__ê³ °ë¦° _¬¼ ¼í_ë© ~ ê·¸ë_ __ __°ë_ ë§_ë§ ·ëª¨ ´ê ë´__ ë©____  ¼ì_ ´ê_ ¼ì_ ì£½ë_ __ ´ì_ êµ¬ì°¨__ ë¶__  __ ë§¨ëª¸¼ë_ ë¶ªì³¤  ¶ì_ ê·¸ê_ì§ ´ë_ì¯¤ì ê´_°® ´ëë¡ ë¬´ë_ì§ë© _ë¡ __ ¨ê±° ê°´ì_ë¡ ¤ì_ __  ê° ê¸¸ì _µ¬ ë§__  __~ (__ ~     ) ë§_ __ê°ê³ °ì_ ¤ì_ ê·¸ëë¥ ë§__ë© ~ ë³´ë_ë¦ _ ë³´ë©° ì§__ __ë¡ __ ì¹__ ë§__êº¼ì_ ê¸°êë§__ ë¡_§¨¤ë_ ¬í_ ¬ë_ °ê´ì_ ë¬»ì___ ´êº¼ __ì§_±° ´ë___ ì§ì¼__ ¤í êµ¬ê¸¸__ __~ ¬ë___ __ê¸ _ë§  ì§¸ì§¸__ êµ´ì __ê² __ ë¶__ _£¼ê³  __ì§ ì°¸ì_´ê___ ! __ë´ ! _ __ë´ ! ´ê ¼ë_ ___ __ë´__  __ ´ê_ ´ê_ ¤ìë§__ ê¹¨ë_ ´ëª¨µì_ __ì¤! ê·¸ì __´ë_ê³ ë§__ê³ °ë¦° _¬¼ ¼í_ë© ~ ê·¸ë_ __ __°ë_ ë§_ë§ ·ëª¨ ´ê ë´__ ë©____  ¼ì_ ´ê_ ¼ì_ ì£½ë_ __ ´ì_ êµ¬ì°¨__ ë¶__  __ ë§¨ëª¸¼ë_ ë¶ªì³¤  ¶ì_ ê·¸ê_ì§ ´ë_ì¯¤ì ê´_°® ¸ë_ __ ë¯¸ë_ °ì_ ë²_¦¬ê³ ¬ë_  ê°´ì_ __ ´ê_ ´êº¼  __ë¡ ë²____ __ ê·¸ê_ì§ ´ë_ì¯¤ì ê´_°®  ¼ì_ ´ê_ ì£½ê_  _¬¸ ´ê_  _¬¸ ì£½ê_   __ ì£½ê_ ´ê_ ¬ë_´ê ê°  ê· ê¸¸ì_ ê¸¸ì_ ! _¬¼ °ì_ __ ëª»ì_ ¼ì_¼ì_~~~!!	
19980715	__¤ì_	Road Fighter	male	__	1	ê¹__	´ì_	DSPë¯¸ë_	´ë_ê²  __  ê°  ê¸ __  ëª¸ì_ £ê_ ¬ë_ ´ë_ê²  __  ê°  ë¹__  ¬ë_ £ê_ ¬ë_ ê¸´ê¸´  ¤ë_ __ë³´ì __  ì°¨ê  ë¹____   __ ë²__ __µë_ __   ë¹__ ì°¸´ __ ê° ë°__ bye bye  __  ¬ë___ ë§__  ì§±í_ì¤ ê¿__  ë¹__ë¦¬ì_ »ê²¨  ¬ë_ì§ê³ __ __ ëª¸ì_ £ê_  ¬ë_ £ê_ ¬ë_  ê¸¸ì_ __ ê³³ì_  ëª¨ë_ê± __ ë¬»ì_ì£¼ê_ ì°¨ê_ __ ë§__ ì¡°ê_  __ ´ì_ __ê²__ _ ë¹__ì¤__ _¥´ __ _¬¼ ë¹__ ê°__¤í_ ë°__ ê°ë¥ ì¶__¤ì_ ¸ê___ ¬ì_¤ë¥¸ ê±°ë¦¬ë¥ ë°__  ë¹¨ë¦¬ ¬ë_ ë¶    ë°____  ëª¸ì_ __ ¬ì_¤ë¥¸ ê±°ë¦¬ë¥ ë°__  ë¹¨ë¦¬ ¬ë_ ë¶    °ì_ °ì_  ëª¸ì_ __  ëª¸ì_ __  ëª¸ì_ __ °ì_  ëª¸ì_ __  ëª¸ì_ __ ´ë_ê²  __  ê°  ê¸ __  ëª¸ì_ £ê_ ¬ë_ ´ë_ê²  __  ê°  ë¹__  ¬ë_ £ê_ ¬ë_ ¨ê±°__ ê±°ë¦¬  __ë²_¦´ ê±°ë¦¬  __ ê±°ë¦´ ë°__ë´ ë°__  ë¶__ë´ __ ´ì_ __ê° ´ê¸¸ __ mì³__ ë²__  ´ì_ __ __ ´ë___ ë²__  ë²_¦¬ê³ __ __ê² __ë¥´ë_ ´ê  ë³´ê___ ´ì_  ¬ë_ ¸í_ __ê²_ ë§_ë§ __ __ __ ë³  __ë¡ _³µ __ ê· ë¯¸ì_ë§ ê°¸ê_ê² ¬ì_¤ë¥¸ ê±°ë¦¬ë¥ ë°__  ë¹¨ë¦¬ ¬ë_ ë¶    ë°____  ëª¸ì_ __ ¬ì_¤ë¥¸ ê±°ë¦¬ë¥ ë°__  ë¹¨ë¦¬ ¬ë_ ë¶    °ì_ °ì_  ëª¸ì_ __	
19981030	__¤ì_	ì»¤í_	male	__	1	¥ë	ë§_²½	DSPë¯¸ë_	"__ë³´ë_ ì§ê¸ _ __ ê´_°®_±° ____ __ ë¹ ê³³ì_ ´ì_ ì±__ ì¤¬ì_ __¤ì_ ¸ì___ ë§__ ¸ë_ _©°  ë°_ª½ ì°¾ì_ ¤ë§¨ ê± ëª¨ë_ __ _¸´ ê±  __  __ë§__ ¼ë_ ê¸°ë_¸ë_ì§ ë§__ ê¿__ ê°_ ê± ´ì_  ¼ì_ê° __ _ ¨ê_ __ ê±°ì_ Oh love  ´ì___ ë§__ ¸ë¡­ _ ì°¾ì_¨ê±° Oh love _ ¬ë_ ´ì_ ëª¨ë_ __¤ì_ _ ¨ê_ Alright, alright I saw you one time, I lost my heart to you Oops baby, I'll be loving you forever with you now Baby, don't go too far, I won't let you go Please don't go, I wanna hold you tight And I need your love ¼ë_ __ __ ê¸°ë_ __ ì¤ __ ´ì_ ëª¨ë_ __ __ __ ê¼ ë¶__ê³ °ë¦° ¨ê_ __ ê±°ì_ Oh love  ´ì___ ë§__ ¸ë¡­ _ ì°¾ì_¨ê±° Oh love _ ¬ë_ ´ì_ ëª¨ë_ __¤ì_ _ ¨ê_ ê³¼ê±° °ì_ ëª¨ë_ __ _ ¨ê_  ë§_ __ ì¶__¼ë_ ë§__ Oh love  ´ì___ ë§__ ¸ë¡­ _ ì°¾ì_ ê±°ì_ Oh love _ ¬ë_ ´ì_ ëª¨ë_ __¤ì_ _ ¨ê_"	
19990829	__¤ì_	Com' Back	male	__	1	ì¡°ì	ì¡°ì_ì§	DSPë¯¸ë_	C-O-M-BACK (COM'BACK) C-O-M-BACK(COM'BACK) C-O-M-BACK (__ DANCE__ DANCE) C-O-M-BACK (__ DANCE__ DANCE) ë°____ ê°ë¥´ë_ ´ì_ ¬ë_ __  ê³__ __ __  __ OH- ´ê_ë¡  ´ì_ ë§_ë§ __ì§ ¼ì_  ¤ë§¤ °ë_¸ê  __ ê¹__ê¹ ê¹__ê°__ë¡__ ê¹__ì§__ë¡ COME BACK! ê¹__ê¹__´ê___ ê¹ ê¹__ì§__ë¡ __ ¬ê_¨ê_  ë´__ ë¯¸ì_  ê²__ ê°_ __ ê±·ì_  __  ë´__  ¥í_ê° ê°ê°ê²__ °ì_ ê² ê°_ ¬ë_ __  __ __´ë_  ê³__¤ì_ê°  __ë© ê° ê¹__ __  ëª¨ë_ ¬ë_ ¤ì_  __  __ ì§ì¼ __  ¡ì_ __ __  ë©ë¦ __ ê±°ë_ ¼ë_ ¸ì_  ´ê_   __ ê¹__ê¹ ê¹__ê°__ë¡__ ê¹__ì§__ë¡ COME BACK! ê¹__ê¹__´ê___ ê¹ ê¹__ì§__ë¡ ____ì¹__ ë´__ __ ë©__  __  ë´__ ê°__¸ë_ê°  ë´__  ì°¨ì____ __ __ ì¡°ê_  ê¸°ë_ ì£¼ê_ ¤ë¥¸´ë_ë¡  __ ¤ì_ __ì§ __ ë°____ê°ë¥´ë_  ¬í_ ¬ë_ __  ê³__ __ __  __ OH- ´ê_ë¡  ´ì_ ë§_ë§ __ì§ ¼ì_  ¤ë§¤ °ë_ ê°  __	
19980915	ë²__ë¹_³µ	¼ì_	female	__	3	"ê¹__,¬ì_"	ê¹__	DRë®¤ì_	If you wanna be my love I wanna be your star _£¨__ ëª ë²__ ¤ê ë³´ê_ ¶ì_ ¬ë___ê³ __ë¿__¼ê_ __ê² __ì¤¤ë©´ ¼ì_ ëª¨ë_ ê²__ ¬ë_ì§ ê±°ì_¼ì_   _ __ê² ë§___ ì¹_µ¬ ë¿__¼ê_ _ë§ ¸ì_ë¶´ê  ì¡°ê_ ´ê_ ¬ë_ì§ ê± _»´ __ _¸¸ ¤ì_ __  ¤ë¥¸ __¤ì_ ¤ê __ ¶ì __ ëª¨ë_ ê²__  ¤ê_ ë³´ì_ì¤__ If you wanna be my love I wanna be your star _£¨__ ëª ë²__ ¤ê ë³´ê_ ¶ì_ _¬´ ëª°ë_ ´ê_ ¤ê¬ë_ ´ì__ __ ë§__ ¼ì_ If you wanna be my love I wanna be your star ëª¨ë¥¸ ì² _¹¨¼ë_ _ ´í_´ì_ ¬ë___ê³ __ë¿__¼ê_ __ê² __ì¤¤ë©´ ¼ì_ ëª¨ë_ê²__ ¬ë_ì§ ê±°ì_¼ì_  ¹ì_  __ __ ê±´ì __ _·¼ê±°ë¦¼  ¸ì_ __ë¿__ __ ¬ë___  ¸ì_ __ê¹_ If you wanna be my love I wanna be your star _£¨__ ëª ë²__ ¤ê ë³´ê_ ¶ì_ _¬´ ëª°ë_ ´ê_ ¤ê¬ë_ ´ì__ __ ë§__ ¼ì_ If you wanna be my love I wanna be your star ëª¨ë¥¸ ì² _¹¨¼ë_ _ ´í_´ì_ ¬ë___ê³ __ë¿__¼ê_ __ê² __ì¤¤ë©´ ¼ì_ _ ¨ê_  ë¶__ê² __ ë²__ ë°°ì_ê³ _ ¨ê_  ¤ì_ __´ë_ ë²__ __ _ ¨ê_  ¬ê·¼ ê°__ __ ë²__ __ _ __ ëª¨ë_ ê²__ ë°__ __ _ __ ì¢  ì¢_ ¬ì_ê° __ _ ¨ê_ __ ê³ ´ë_ ´ê_ ê° ¸ì_ ê³³ì_ __ If you wanna be my love I wanna be your star ëª¨ë¥¸ ì² _¹¨¼ë_ _ ´í_´ì_ ¬ë___ê³ __ë¿__¼ê_ __ê² __ì¤¤ë©´ ¼ì_ ëª¨ë_ê²__ ¬ë_ì§ ê±°ì_¼ì_ 	
19980915	ë²__ë¹_³µ	Change	female	__	3	ê¹__	ì£¼ì_	DRë®¤ì_	¸ì_ë¶ µêì²__  ê±°ì_ ë³´ë_ ¼ì_ ë§__ì§ ë³´ê  ëª¨ì_ __ ´ë¥¸ __ ê±¸ê_ _ê²__ _»´ì¡__ ¨ì_¤ì_ __ ì¢__ _µ¬_ __ ´ê_ ë°__ê² __ ¶ì_ _²© __ ´ë¦° __ ¬ì_ ê° êº¼ë_ ë³ _©´ _¬´ ¬ë_ì§ ´ê __ ´ì_ ë³´ì_ ëª¨ë¥´ê²__ ¸ì_ê¹_  ´ë_  _¹¨´ë©´ ë§__ ´ë_  ¤ë¥¸  ´ì_ «ì_ ì§__ __ ê°__´ì_  ëª¨ì_ ´ì_ ë²____ ¶ì_ ì²__ ¸ê¸°¬ì_ ë°__ë´¤ë_ ë¦½ì_±ì_ ´ì_ ëª __ë³ __ê¹_ ì§__ë²_¦° __ _ê²__ _»´ì§ ¨ì_¤ì_ __ ´ì_ _¬´ __ ¹ì___ _»´	
19990721	ë²__ë¹_³µ	Killer	female	__	1	ê¹ì¢__	ê¹__	DRë®¤ì_	_¾¸ __ë¥´ë_ (ê·¸ë ___¦¬) __ ê· _¦¬ë¥ (__) ´ì_ __ ´ì_  __ ê·¸ëë¥  __ __  __ __¤ì_ ê·¸ë_ ¬ë___ ´ì_ __ë°__ ¨ì ê² _ë§ __ ê²_ª¨µì_ ë°__ ë´ ê·¸ëë¥ ¬ë___ __ ì°¨ê__ __¼ë_ _ ____ ë¹____ ê·¸ë ´ì_ ë§__ë²_¦° _¬¼ __ ê·¸ëë¥ ì§__  ë¯¿ì_ __ ê·¸ë ê¸°ì_°ì_ _¬´ê²__ ¨ì ê²__ __ _¾¸ __ë¥´ë_ (ê·¸ë ___¦¬) __ ê· _¦¬ë¥ (__) ´ì_ __ ´ì_  __ ê·¸ëë¥  __ __  __  __ ê·¸ë_ __ë¦ ê±  _ª» __ ¤í__ ë§__  __  ´ê_ ë³´ë_ ê±°ì_ ê·¸ëë¥ ì§°ë_ê³ _ __ __ __ê¸°ì_ ì§ ¬ë_ ëª¨ë_ __ _ë§  ë¬¸ë_  ¼êµ´ ê²¹ì_ì§ ê·¸ëê°  ë¹__  ë¯¿ì_ __ ê·¸ë ê¸°ì_°ì_ _¬´ê²__ ¨ì ê²__ __ _¾¸ __ë¥´ë_ (ê·¸ë ___¦¬) __ ê· _¦¬ë¥ (__) ´ì_ __ ´ì_  __ ê·¸ëë¥  __ __  __ _¾¸ __ë¥´ë_ (ê·¸ë ___¦¬) __ ê· _¦¬ë¥ (__) ´ì_ __ ´ì_  __ ê·¸ëë¥  __ __  __ _¾¸ __ë¥´ë_ (ê·¸ë ___¦¬) __ ê· _¦¬ë¥ (__) ´ì_ __ ´ì_  __ ê·¸ëë¥  __ __  __	
19971124	__´ì_	I'm Your girl	female	__	1	__ì§	__ì§	SM____ë¨¼í_	Yaeh What's up What's up S E S We open up the new chapters of funky new jill swing Here we come Here we come Uh Uh Come on I like SES ya'll yes SES ya'll We like SES ya'll yes SES ya'll You never don't stop You never don't quit Kick out some sounds of hip hop bear Now clap your hands Every body Now move your feet Every body To the left to the left To the right to the right Now bring it back fat rhythm of the free style  ´ê_ ë§__ ëª»í_ ´ë ì§__ ¼ë_ ì§_  ¬ë_ _¸° I love you tell me baby __ ë§__ ´ì_ ê·¸ë_ì§ë§ __ê² ¤ì_  ë¿__ê±°ì_ oh yeah __ _ë§  ê³__ __ ê± ê·¸ë  ¸ì_  __ì§ _ ë¯¿ì_ì£¼ê¸¸ ë°__ ¨ê_ __ Cause I'm your girl hold me baby _ _ê°  ëª¨ì_ ì§ì¼__ì¤ Stay with me last forever  _ ¬ë__ __ __ë¶ __ ì§ ì¹_µ¬ì²__ shake it shake it baby ê·¸ë_ê² __ ´ê_ ´ë_ __ë§__ ì£¼ë_  __  oh yeah __ _ë§  __ __ ê±  ¤ì_ _ __ ´ê_ ¶ì_ _ ¥í_  ëª¨ë_ê± ê°____ Cause I'm your girl hold me baby _ _ê°  ëª¨ì_ ì§ì¼__ì¤ Stay with me last forever Get him up get him up ëª°ë_   __ê² __ ê· ´ë_ __ ____ _¸°  __ ê± ëª¨ë_ ë¶ì§__  ê±±ì_´ì_¤ë_ ´ì_  __ __ ê¼ __ì¤__  ì°  ëª°ë__±° ¤ì_  __ __ë¥ __ ´ê ´ì_ê° __ ê² ë§__ ´ê_ ì¤____ ´ë_ __ ´ì_ ¤ê __ì£¼ê¸¸ ë°__ê²__ __ê² ê· ´ë_ ë§_³´  ´êº¼ ë§__ £ê_ ¶ì_ ¬ë_ ¸ì_ê¹_ Baby you always in my heart _ ë¯¿ì_ì£¼ê¸¸ ë°__ ¨ê_ __ Cause I'm your girl hold me baby _ _ê°  ëª¨ì_ ì§ì¼__ì¤ Stay with me last forever _ ¥í_  ëª¨ë_ê± ê°____ Cause I'm your girl hold me baby _ _ê°  ëª¨ì_ ì§ì¼__ì¤ Stay with me last forever yeah	
19971124	__´ì_	"Oh, My Love"	female	__	9	ë¬¸ì_	ë¬¸ì_	SM____ë¨¼í_	Oh my love Oh my love Oh my love ´ê_ I just wanna be the one for you Oh my love Oh my love ´ê_(´ê_) _ ë§__ ´í_ë¡ __ ëª¨ë_ ê²__ ¬ë_ì¡__  _²© __ ¤ë¥¸ ´ë_¤ë_ ê¹¨ë_ ì§_ _ ë§__ ê· __ ë¶ _ª¬ë¹ ¥ê¸°ë¡ __ ¬ë_ __ê²   ê·¸ë_ ´ê_ ´ë_ê² __ì£¼ë©´ ¤ë¥¸ °ì_¤ì_  ë¶½ì_ __êº¼ì_ ¬ë_´ë_ê³ ë§ __ __  __ ´ì___ __ __ ¿ì_ _ ê¸°ë_ë¦¬ë_ __ ¸ë¡­ì§ __ ì²__ë¶  ¬ë_ ë¹____ ê·¸ë ¨ë_ ê·¸ë ¨ë_ Oh my love Oh my love Oh my love ´ê_ I just wanna be the one for you Oh my love Oh my love ´ê_(´ê_) _ ë§__ê¸°ì_ °ë¦° __ °ì_ __ __ ´ë___ _  ë§__ì§ ê·¸ë_ ´í_ë¶ __ ¤ì_ ___±° __ _¥´ê³ °ë¦¬ ê°_ ì§__ ¬ë_  __ ê¿__ ´ë£¨ ê·¸ë_ê¹_ __ ´ê_  ë§__ __ì§ë§ ¬ë_´ë_ê³ ë§__´ë_ __ __ ´ì___ __ __ ¿ì_ _ ê¸°ë_ë¦¬ë_ __ ¸ë¡­ì§ __ ì²__ë¶ ____ ë¹____ ê·¸ë ¨ë_ ê·¸ë ¨ë_ Oh my love Oh my love Oh my love ´ê_ I just wanna be the one for you Oh my love Oh my love ´ê_(´ê_)	
19981123	__´ì_	Dreams Come True	female	__	6	ë°__	Risto	SM____ë¨¼í_	"´ê __ ë¡ __ __ ëª¨ì_ ê·¸ëë¡ ´ì_ê» ¨ê²¨ __ ë¹_ ¤ê_ ëª¨ë_ ë§__ê³ ¶ì_ (baby) Funny how all dreams come ture _ ì§ì¼__êº¼ì_ _»´__ _¬ë_ Funny how feel for you __ ê³__ ê·¸ë_ì§ ê¿_²° ê°_ __ ë¯¸ë_ ì²__ __ ê·¸ëë¡ ì§_¦¿__ __ ê·¸ëë¡ __ê° ½ì___ ê²__ ê°_ __ ê°__ __ì§ (baby) Funny how all Dreams come ture _ ì§ì¼__êº¼ì_ _»´__ _¬ë_ Funny how feel for you  __ë§ ¬ë_ Come on lover ¸ì_ __ ¨ê_ ¤ê __  _³µ_±°__  ´ì_ ¬í_ ¸ë_ £ì __ ê±°ì_  ë§__ __ì£ (woo) Now I love, if you want me, want to take it(take it). make it. so love with it with it with it with again. Funny what you do it gotcha do me what do again. do in what's up wella gella doing killa. Dreams come ture _ ì§ì¼__êº¼ì_ _»´__ _¬ë_ Funny how feel for you __ ê³__ ê·¸ë_ì§ ê¿_²° ê°_ __ ë¯¸ë_"	
19981123	__´ì_	_ ¬ë_	female	__	21	ìµ__	ìµ__	SM____ë¨¼í_	_ ¬ë_ __ ë§__ Oh _ ____ë¡ __ _³µ ¤ë¥¸ _µ¬  ë¶½ì __ ë§_ _¦¬ì°½ì_ë¡ __ _ ë°_¸°  __ ë¯¿ì__ __ Oh yeah _¬´ ´ê_ __¨ì_ __  __ë¡ ´ì  ê¸ ë°¤ì_ ¤ë_ __ë¡ _¹¨ __ ¬ì_ë¡ ê·¸ë¦¬ °ë¦¬ __ __ ¨ê_ ê°_ ê³µê_ __ __ ë§__¼ë_ ê´_°® yeah _ ¬ë_ __ ë§__ Oh _ __  __ __ _³µ ¤ë¥¸ _µ¬  ë¶½ì __ ¤ë_ì§ ¥ê¸°ë¡ ´ë©° ë¯¸ì_ì§  __ __ ëª¨ë_ ê± ¤ì_ê²  Oh yeah ¬ë_ ì§ê¸ ê¸°ì_ë³´ë_ ¼ì_ __  ê±°ì_ __ê² ì§ê¸ _³´ __ê² ì§ê¸ _³´ __ ¤ë¥¸ ¬ë_ __ë© ¨ê_ __ ê°_ ì§__ __ ¼êµ´ ë³´ë©° ´ì_ê° yeah _ ¬ë_ __ ë§__ Oh _ __  __ __ _³µ ¤ë¥¸ _µ¬  ë¶½ì __ ê°´ì_ __ __¤ì_ __ __ _¥´  __ ë¹_°©¸ì_  ¸ì_ ´ê_ ê·¸ë_ __ ¼ì£¼ê³__ _ ë§__ ë¶____ ê¸°ë_ ____   ë§__  ê¹_ êµ¬ì_ ____ ´ì£¼  ê³__ __ ¶ì_ _ ¬ë_ __ ë§__ Oh _ __ __ __ _³µ ¤ë¥¸ _µ¬  ë¶½ì __	
19991029	__´ì_	Twillight Zone	female	__	1	__ì§	__ì§	SM____ë¨¼í_	Baby always brand new __ ¬ë_ë§__ _ _³µ__ ´ì£¼ ê± __ê± ë§¤ì_ ê°__  __ ë§_ ì²«ì___ __  ¤ëê±°ë_ ____ __ ë²½ì_ ë¶ªí ¸ì_ê° ì°¾ì_ ´ë_ ì¤ë¹ ê· ëª¨ë_ ê²__ _ __ê± ê·¸ë ¬ë_ __  The girl that I used to be You'll be changing my heart baby I'd like that ê¿ ê°_ __ ë³¨ì_ ¬ë_ ë§__ ´ê_ ì¤__ °ë¦¬ ½ì_ _ ë§__ ê¸°ì_´ì_ I'll always be there my baby ¸ì_ê¹_ ë§_ __¤ì_ ê°__ ë³´ë_ì§ë§ _ ì²__ ê°_ ì§_¦¿¨ì_ __ê± _ ë§__ ¨ê_ __ __ _ ë³´ê_ ¶ì_ _£¼ ____ ¬ì½¤__ ë¶__ê² _ ë§__  ´ë_ ____ Oh ´ê __ ê·¸ë ´ê_ ¤ì_ ë§__ë´ ì§__   __ The girl that I used to be You'll be changing my heart baby I'd like that ê¿__ __ ë³¨ì_ ¬ë_ë§__ ´ê_ ì¤__ °ë¦¬ ½ì_ _ ë§__ ê¸°ì_´ì_ I'll always be there my baby ¸ì_ê¹_  __ __ __ ê¿ ê°__ __ì§ __ ëª¨ë_ ë°__ ê°__  ì²__ __ ê¸°ì_  ´ê_ê±°ì_ I bet you gonna love baby Eu will take ya I bet you gonna love baby Shoo will take ya I bet you gonna love baby B will take ya I bet you gonna love baby they will take ya The girl that I used to be You'll be changing my heart baby I'd like that ê¿ ê°_ __ ë³¨ì_ ¬ë_ ë§__ ¤ê_ ì¤__ °ë¦¬ ½ì_ _ ë§__ ê¸°ì_´ì_ I'll always be there my baby ¸ì_ê¹_	
19991029	__´ì_	Love	female	__	4	__ì§	__ì§	SM____ë¨¼í_	ë¹ ê°__ ê±°ë¦¬ë¥  ë¡ °ì_ °ê_ ê±¸ì_ê°__ _©´__ ë¹__  ëª¨ì_ ë§__ _ ´ë¦° __ì²__ ¸ì_ë¶´ê ´ë¥¸ ì² __ ë§¤ì_ ë§¤ì_ µì_´ì_ ë²_¦°  ê·¸ì ____ __ë¥ __  __ ë©ë¦¬í_ë© ë°©í__©° ê·¸ë_ê² ê±°ë_ ê°_±¸ °ì_´ë_ê³ ë¶ë¥  __ __ __ __ °ë¦¬ __ ¹ë_ _¸¸ ¨ê_ __ ë´__ ê¿__ê²__ ê½ ê½__ ë°__ ê·¸ë¦¬ê³ ê³__ë§__ ëª¨ë_ ê°__ __...... ì§   ê±¸ê_ ë§¹ì_ _ ëª»í_ ½ì_ê¹_  ì§ê¸__ ê° ê¹_ ê³³ì_ °ë_ ë§__ ê°____ ¶ì_ ´ë_ _ ´ë¥¸¤ì_ ¬ë_ _ ê°__ê³ ì§ì³__  ëª¨ì_ ë§__ __ë§__ ´ë_ ì°¾ì_¤ë_ ê² ___©´ __ ____ __ê° ê± °ì_´ë_ê³ ë¶ë¥  __ ¸ë __ __ ¹ë_ ´ë_ °ë¦¬__ ëª ë²____ ¬ê_ __ __ __ ¥í_ __ê²__ ©ê¸°ë¥ ê·¸ë¦¬ê³  __ ëª¨ë_ __  __ë¡. ´ì_  ë³´ì_ì§ __ ____ ¼ì_ ê²¬ë_  __ ëª©ì_ ë©__ë¡  ë§__ _ì§ë§ _¦¬ __ _¹¨ ¤ê_ ¤ë_ ¤ì_ __ __ ê·¸ëë¥ ì§¤ê_ ¶ì_ °ì_´ë_ê³ ë¶ë¥  __ __ __ __ °ë¦° __ ¹ë_ _¸¸ ¨ê_ __´ë_ ê¿__ê²__ ê½ ê½__ ë°__ ¹ì___ ¬ë_ ê·¸ë¦¬ê³  ´ì_ ëª¨ë_ ê°__ __ë©......	
199611	êµ¬í_	ë§__ë§__	male	__	3	´ì_	¤ì_	x	 ¬ë_ ê·¸ë __  ì¢  ì¢ ¬ë_´ì_ ë§__ ¬ë_ ì¢ ´ì_ ë§__ë§__  ì¢  ì¢  _»´ì¤ ë§__  ì¢ ì±_²¨ì¤ ë§__ë§__ _ ´ì_ _ ê·¸ë_ ´ë_ _©´ ë§¤ì_ ¤ë¥¸ ¬ì_ ë§__ ë°__ _ ëª°ë_ ´ê ´ë_ __ì§ ´ê ë§¤ì_ ë¬´ì___ ¬ë_ì§ ´ê __ ¨ì_ê²__ ë¯¿ì__ __ ¼í_ __ __ ´ë_´ë_ê³ ____ ê· ë¬´ì_´ë_  ì°¸ì_ë© ´ì_ê°__ __ ìµ____ ê´¬ì_¼ë_ ´ê_ ë³´ì_ì¤__ _ __  __ê²  __ ´ì_ ëª»ì_ __  _ _ __ _ _ì¤ ¬ë_ ____  _ì² ´ë_ ê°__ê³ _µ¬ ë¬´ì___ê³ _¬´ ê´¬ì_  ´ë_ê² ê²¬ë_ _ __ ´ë_ì§ë§ ë¶__ _ __  ë²__ _ __  ¬ë_ ê·¸ë __  ì¢  ì¢ ¬ë_´ì_ ë§__ ¬ë_ ì¢ ´ì_ ë§__ë§__  ì¢  ì¢  _»´ì¤ ë§__  ì¢ ì±_²¨ì¤ ë§__ë§__ ´ê¸¸ ë¬¼ì_ __  ê¸ ¬ë__ ëª¨ë¥¸¤ë_ _¸°  ê·¸ë_  ´í_  __  __ ¬ë_¼ì_ ê° ¸ì_ ¬ë_ ë§__ ¤ì_¤ë³´ _²½   _¸° ëª°ë_ __ê° ëª¨ë¥´ê²__ ëª¨ë¥´ê²__ê° __ ëª¨ë¥´  ë§ ê·¸ë_ _ _ __ ë¯¸ì_ ë²_¦¬ê²  ____¼ë_ ë°°ì_¤ë©´  ë§__ ¤í_ «ì_ë³´ê_ ¶ì_ ê·¸ë_ __   ë§__ ___ ¬ë___ ê· ë§__ ë°±ë_ __ __   _¬´ _¸° __ ëª»í_ ê±°ì_ _£¨ë§ _ ëª ë´__ °ì_ ê°´ì___ __ ´ë_ì§__  ´ë  ¬ë_¸ê±° ´ë_ì§ë§ ë¶__ _ __  ë²__ _ __ ____ ´ê_ ´ì_  ê³__  ___±°¼ê_  ¬ë_ ê·¸ë __  ì¢ _ ¬ë_´ì_ ë§__ ¬ë_ ì¢ ´ì_ ë§__ë§__  ì¢  ì¢  _»´ì¤ ë§__  ì¢ ì±_²¨ì¤ ë§__ë§__	
19970925	êµ¬í_	ë¹__	male	__	57	´ì_	¤ì_	x	 ¬ë_  ì°½ì_ ë©__ê¸ ê¸°ë_ë¦¬ê_  ê· ë¹__  ¼êµ´ ë¹__ë© _ì§ _ ê·¸ë¦¬¼ë_ __ ê°__  __¤ë_ °ë¦¬ ë§__ì§ ¼ë_ ì§__ë¡ ëª¨ì_ê²__  ¸ë©´__ __ ¤ë¥¸ ¬ë_ ´ê_ ë³´ìì§ë§  ´ê_ __¤ì_ ë¿__ __ ____  ë°__ë´__ __ ë¬¼ë_  ë°__ë´__ ¸ì_ê°   ë¹_°¸ ë²__ì§  ¬ì_ ê·¸ëë¡ __  ê¸°ì___ ´ë_ ´ë_ ´ë_ ì°¸ê¹¨ ´ë_ ´ë_ ´ë_ ì°¸ê¹¨ ¬ë ¬ë_¼ë_ ì£¼ë¬¸ ¸ì_ë´ _¬´ë¦ ____ ±ì_ __ ´ì_ _¬´ _  ´ë  __ë© __ ê·¸ë¦¬ ¼ë_ë¦ ê± ê° ´ë_ ´ê __ ë³´ì_  ê°__ __ ´ë_ ë°__ ë¬»ì_ __ ¥ê¸° ____ _ __ ë´ __ _ ë´ _ __ ë´  ëª¨ì_ ë´  __ ´ë_ê² ë¹_°¸__ ì´__´ì_  ëª¨ì_ __ ë´__ _ __ê³ __  ê·¸ë¦¬  ê°__  ëª°ë_ì£¼ë_ ´ëë¡  ë²_¦¬¤ê_ __ë©  __ ì£¼ë¬¸ ê³__ __ì§  ¥í_ __ ¤ë¥´ ¬ì_ ë³´ê___ ì§ì¹  ¬ì_ ¸ì_ê°  ê³__ë§ __  ë¯¿ì_¼ë_ ì£¼ë¬¸ ¸ì_ ¸ë___¼ë_¼ë_¼ë_¼ë_ __ ´ê_ ¤ì_ ´ë_ ì°¸ê¹¨  __ ë¯¸ì___ __ê³ __ __ __ ¬ë_  ¶ì_ _ __ ´ë_ ê· ë¬´ì_ __ __ ´ì°¨ ì§ê¸__ì§ _ _¸°  __ ´ì_ __ ´ì_  __ __ ê°¸êì¤ «íì§ __ ë§__ ´ê_ ´ì_ì¤ ¤êê° __  __ ´ë_ê² ____ ´ê ê°¾ì _ ê±°ë_ ¬ë_ __´ì_  __ë¿__  ¸ì_ __ ´ë_  __ ë¨¸ë¬¼  __ ´ê_ ì¤	
199602	__	Memory	male	ë°__	23	ì§	__	ë§¤ì_ì»	__ __ ì§__ë¡ __ê° __  ë¬´ë_ ´ë_ ¤ê __ ì°¬ë___  ê³__  __ _¦¬ê³ __ __ __ê°ê³  ì§ê¸ __ê³ ê¿__ _ _¥¸ ì§ ì¶__ë§__ ¨ì_ __ ë§__ ë³ì¹ __ __ __ ¨ì_ __ ´ë_ ê±°ë¦¬ ì°¨ê ë°__ __ __ ì¶__ ì§_ _ ´ë_ ë§_ë§ ´ê ê¸°ì___ ¬ë_ ____ ¨ê_ ì°¾ì_ ë°__ê° __ __ __ ê·  ë°¤ì_ _ ëª»í_ _³µ´ë__±¸ ëª°ë__ ´ì_ _¬´ __ _ __ _ ¼ì_ ¸ì_ì¤ ¬ë___ __ê° _ ë³´ë___ __ ¤ì_ ê·¸ë_ë¡ __ ê°ê³__ _ __ ê³³ì_ë¡ °ë_ê°ì¤ ê·¸ë_ _ __ __ ë¨¸ë¬¼ê±°ì_ __ ê³__  ¸ì_ ë§__ Uh __ ê·¸ë_ feel ¤ì_ __ __´ë_ °ë¦¬ Memory Remember me  ê·¸ë_ ´ëë¡ ë³´ë_¼í__ ê°  ë¶__ì§ __ ê·   ë­___ ____ _ ¡ì ëª»í_ _ ´ë_ê² ____ ì§  __ë´ __ê² __ì£¼ë_ __ ëª¨ì_ë§__ __ ë§____ __ ¨ì___ ¨ê_ ê±°ë_ ë°__ê° ë¹ ëª¨ë_ ¨ê¸° ë°__±ì_  ê°´ì_ _¸´ ¬ë_¸ê±¸ ëª°ë__ ´ì_ ¼ë_ __ ´ëª¨µì_ __ ì´__´ì_ ____ _¬´ _ì§ë§ ´ê_ __ë¿__ ¤ì_ ê·¸ë_ë¡ __ ê°ê³__ _ __ ê³³ì_ë¡ °ë_ê°ì¤ ê·¸ë_ _ __ __ ë¨¸ë¬¼ê±°ì_ __ ê³__	
19971126	__		male	__	6	¥ì_ì§	¥ì_ì§	ë§¤ì_ì»	"Ah-Yeah TAESAJA In The House Uh Check and turn to the back into the back 1,2,3 uh 1,2,3, uh 1,2,3 I said 1,2,3 full back  ¬ë___ ë¬»ì___ ´ì_ê° __  __ ´ì_ ê°  __ ì¤ __ì§  ¬ë_ ì¤ ë§__ê¸ __ì§ì§ë§   __ë³´ë_ __ __  ëª __ ê± __  __ê¹_ ¬ë___ __ ì¤ __ ¤ì_ __ì§  __ _¥´ _¬¼  _¬¼ ´ê_ ¨ì___ _ __ë³´ë_ë© ¸ì_ ¼ì_ ¸ë_ __ ë³´ë_ê³ __ ì°¸ì___ ì§ê¸__ ¨ê²¨__   __ __  __ __ê° (__ __ê°) ë¨ ê³³ì_ë¡ __ê° (_ __ ê³)__ ¨ê_ ê¿__ ê¾¸ë©° ´êº¼ (Uh __ê²__,   __ ¡ê_) _¬´ ¬ë__¸° (¬ë__¸°) _¬´ _³µ_¸°  ì£½ì_ _ _¬´_¬´ ¬ë_ (Uh ë©ë¦  ë©ë¦ _ __ê²__) Ah-Yeah TAESAJA In The House Uh Check and turn to the back into the back 1,2,3 uh 1,2,3, uh 1,2,3 I said 1,2,3 full back __ __ ì§__ë¡ ____  ´ê_ ¤ì_ __¬êº¼ __ __  ¤ì_ ´ê_ ¬ë_ __ ë§__   __ê±°ë_ __ __ __ __ ____   ë©ë¦  ë©ë¦  __ ê¿__ £ê_ ë©ë¦ ë©ë¦  ë©ë¦   _¬¼ ´ê_ ¨ì___ _ __ë³´ë_ë© ¸ì_ ¼ì_ ¸ë_ __ ë³´ë_ê³ __ ì°¸ì___ ì§ê¸__ ¨ê²¨__   __ __  __ __ê° (__ __ê°) ë¨ ê³³ì_ë¡ __ê° (_ __ ê³)__ ¨ê_ ê¿__ ê¾¸ë©° ´êº¼ (Uh __ê²__,   __ ¡ê_) _¬´ ¬ë__¸° (¬ë__¸°) _¬´ _³µ_¸°  ì£½ì_ _ _¬´_¬´ ¬ë_ (Uh ë©ë¦  ë©ë¦ _ __ê²__) _¬´ ¬ë__¸° (¬ë__¸°) _¬´ _³µ_¸°  ì£½ì_ _ _¬´_¬´ ¬ë_ (Ah-Yeah TAESAJA In The House Uh)"	
19971126	__	Time	male	__	1	ë°__	ë°__	ë§¤ì_ì»	"ê¸¸ì_ ê±·ë_ °ì_  ë§_£¼ì¹__ _©´ __ _¬´ ë§__ ëª»í_ê³ _ ¼í_ ê²__ ê°__ ê·¸ë_ê²__ _ ì¢___¸° ê·¸ë_ê²__ _ __ê¸°ì_ Time _ __ _³µ´í_ _ ë³´ë©´ __ _¬´ ë§__   __ ê²__ ê°__ ê·¸ë_ ´ëë¡_ ì¢__  ê·¸ë¦¬__ ê·¸ë_ ´ëë¡_ ì¢__ (1, 2, 3 Hit it) _£¼ _ __ __ë¡ _ __ê°ë©´ì_ _ ë³´ê_ _ë§ ê·¸ë_¤ê_  ë³  __ ´ì_ _£¼ ¤ë_ __ì²__ _»´ì§ ë¿ _ë§ (_ë§) __ê² (__ê²) ë³´ì_ì£¼ê_ ¶ì ê² ê° __ ¨ì___ ´ì_  __ ¤ë¥¸ ¬ë_¤ì_ê² _ _¸°__ __ê°  ë³´ê_ _ë§ __ì§ __ ¸ì_ê° ¤ì_  __ __¤ê_ì§  ê·¸ë_ê²  ë¯¿ê_ ¶ì_  ì¢____ ë§__ __ ¨ì__¸° ê·¸ë_ __ ´ì_ ´ë_ ´ê __ ë³´ê¸°ê° «ì_ _ë§ _ _ ëª»í__±¸ ´ë_ê² __ê³ ì¹_µ¬¤ì _ ë¹__ê²_ ê·¸ë_  _²½°ì __ _ë§ (_ë§) __ê² (__ê²) (__ê² ë³´ì_ì£¼ê_ ¶ì ê² ê° __ ¨ì_ __) ë³´ì_ì£¼ê_ ¶ì ê² ê° __ ¨ì___ ´ì_  __ ¤ë¥¸ ¬ë_¤ì_ê² (´ì_  __ ¤ë¥¸ ¬ë_¤ì_ê² _ _¸°__) _ _¸°__ __ê°  ë³´ê_ _ë§ __ì§ __ ¸ì_ê° ¤ì_  __ __¤ê_ì§  ê·¸ë_ê²  ë¯¿ê_ ¶ì_  ì¢____ ë§__ __ ¨ì__¸° __ê°  ë³´ê_ _ë§ __ì§ __ ¸ì_ê° ¤ì_  __ __¤ê_ì§  ê·¸ë_ê²  ë¯¿ê_ ¶ì_  ì¢____ ë§__"	
199907	__	Magic	male	__	23	Cyren	¤ì_	ë§¤ì_ì»	ë¬¼ë_¬ë _ ë°__ë³´ë_ ê·¼í_ ë°_ __¤ì_ __ __ __ __ ´ê ë¨¼ì __ ì¤ __ __ê² ê·¸ë_ __ê°__ ¬ì_ì¤__ ê·¸ë_ê² ë¶´ì_ __ __ ë³´ì_ì§ë§ ê·¸ë_ ê·¸ë_ê² _ ë³´ìë§__ ´ì_ ê·¸ë_ ê·¸ëê° ´ê_ ¤ë_ ê²__ __ë¡ ê·¸ë¦¬ ë©ì§ __ê±°ì_ ´ì_ë¶ ë¬´ì_ ´ì_ __ __ ´ë¥¸ __ ê°_±¸ê¹ _µ°ê°  ê³__ _ì¤ ¬ë_ __ì§ _ _¬´ ¼ë¤ë_ê²  __ê² ê¸°ë¤ë_ ì¹_µ¬¤ë_ ëª¨ë_ _ ê°_ __ __  ê·¸ë_ê² ê¸°ë_ë¦ ´ë_ __¤ì_  __ ë°©í_´ì_ë§  Shes coming Im waiting for you Im coming ¸ì_ ´ê³³ __êº¼ì_ Shes coming Im hunger for you _ ê°ì§ __ __ ë³´ì_ì¤ ê·¸ë_ ¤ë_ë°  ê³__ë¡  __  ê¹¨ì_ì¤ ´ì_ê» ê¸°ë_ __  ë°__¤ì_ ì¤ë¹_ __ Im in the magic with you  ê³¼ì_ ê·¸ëê° ì§ê¸__  ë§__ ¤ì_ì¤__ ê³¼ì_ ê·¸ëê°  ë§__ __ì¤__ ´ë¦¬ ëª¨ë_ ê²__ __  ë§ __ ë°_³´   __  ë§ __ __ë²_¦° __ _ __ _ë§ __ ë°____ __ ¸ì_ ê·¸ë¦¬ magicê°_ __ ì¡°ê_ ¤ê ê¹_  __ ì´_ ì¤ __ __ ´ê ê° ê¸¸ì_ ____ __ ì² __ __ì§ë§ ëª¨ë_ _ ë¯¿ê_ __ ¸ë_ë¦  __ ê· ê¸°ëë¥ ë©ë¦   __ µë_ _ ´ì_ êµ¬ì_´ì_ ë§__  ê¸¸ì_  êº¼ë_ê°ì¤ ¤ì_ __ _ _³µ__ ë§__  __ _ ë§__ ê· ê³³ì_ Shes coming Im waiting for you Im coming ¸ì_ ´ê³³ __êº¼ì_ Shes coming Im hunger for you _ ê°ì§ __ __ ë³´ì_ì¤ ê·¸ë_ ¤ë_ë°  ê³__ë¡  __  ê¹¨ì_ì¤ ´ì_ê» ê¸°ë_ __  ë°__¤ì_ ì¤ë¹_ __ Im in the magic with you  Yeah µë___  __  __ ê±°ë__ ____ ê·¸ë ë§__  __  __ __ì¤ ê·¸ë __ Magician ¤ì_ __ ëª¨ë_ ë°__ __ ê·¸ê_ _£»ë°¤ì_ ´ë£¨´ë_ê³ ë§_±° ëª¨ë_ê° ë¶¬ì_ _ ë¶__ê³ _ ¨ê_ magic __	
199907	__	Vanessa	male	__	33	¤ì	ê¹ì§__	ë§¤ì_ì»	I love you ¨ë¦¬ ëª©ì_ë¦¬ë_  ´ê_ ê³_°± __ I love you too ´ì_ ë°__ __ ¤ê_ ê³_°±_ _  ¤ë¥¸ __ ¤ë¥¸ __ __ __ê° ¤ë¥¸ ëª¨ì_ _¬´ ë¦¬ìë§  ¬ë_ _ _¬´ __ ¤ì_ __ __ê²_ _ °ë¦¬ ¬ë_ _ª» ê² ê°__  ê°´ì_ ëª¨ë_ ë¬´ë_ ê²¬ë_ _ë§ ¬ê¸° ëª»í_ __ Vanessa __ ¬ë_ ´ì_´ë_ __ ¤ë¥´ì§ __ ê· __ ´ë_¼ë_  ê´_°®   ë¶ë¥  __ __ ¬ë_ ´ì_´ë_ ´ì_ê° __ ë§__ ´ì_ ¤ê_ __  __ ê±°ì_ ¬ë_  __  ¨ë_ê³  ì£¼ì_ ëª¨ë_ ¬ë_ °ë¦¬ë¥ _____ ¬ë_ êµ²½ __ ê·¸ë_ ë§__ __ ëª¨ë_ ¨ë_ê³  ì£¼ì_ ëª¨ë_ ¬ë_ °ë¦¬ë¥ ____ _ ¬ë_ êµ²½ __ ê·¸ë_ ë§__ __ ëª¨ë_ Don`t cry ¸ë_ __ ì§ì¼__ê²  My Love Vanessa Don`t cry ¸ë_ __ ì§ì¼__ê²  My Love Vanessa Don`t cry ¸ë_ __ ì§ì¼__ê²  My Love Vanessa Don`t cry ¸ë_ __ My Love Vanessa My Love Vanessa ´ë_  ____ì§ ë°¤ì_ ¬í__©° ´ê_ _¬¼ë¡ ë°°ì_ê°__ ë§__ê²_ ëª¨ë_  __¼ê_ _ë§ ´ì_  ´ì_  ë§__  __ ¨ê_ __ ëª¨ë_ __¤ì_ ´ì_  ê°´ì_ ëª¨ë_  ì±__ ì§¸ì_ê° __ ¬ê¸° ëª»í_ __ Vanessa __ ¬ë_ ´ì_´ë_ __ ¤ë¥´ì§ __ ê· __ ´ë_¼ë_  ê´_°®   ë¶ë¥  __ __ ¬ë_ ´ì_´ë_ ´ì_ê° __ ë§__ ´ì_ ¤ê_ __  __ ê±°ì_ ¬ë_  __	
199711	__ì§	  __	male	´í½º	2	ÀÌ¿ë¹Î	ÀÌ¿ë¹Î	´ì_ë¯	ë®¤ì_ ©í_ë¦	  __  ¬ë___ ë§   ê·¸ë¦¬__ ë§  ì£¼ì___  _ ë§´ë_ê³ __  __ __ ì³__ë³´ê_ __ ê³__   __   ë²__  ì²«ì___ __   ë§__ __ì¤ _µ¬¼ë_ ´ê ¬ê¸°  __ ´ì_ ë¹__ë¹__ _ _µ¬ë³´ë_ _»´ì¤ ´ê ¬ê¸° __ ë¹__ë¹__  ¤ê _  ¬ë_ __ì§ ê· __ì§  ê¸°ë_ë¦  __ __ì§ _¬´ __ °ë_ì§ __ì§  __ __ì§  ê· __ì§ ë°__ì¤  __ __ ´ì_ ¸ë¦¬ì§ ë§__ì¤ __ ê·¸ì __ ê³____ ¨ê_ __ ´ì_ ¸ì_ì¯  ë§__  __ì¤__ ¸ì_ì¯ _ _ê²  __ °ë¦¬ °ì_¼ê_ __ __ ê±°ì_ _ ¬ë___    __  ¬ë___ ë§   ê·¸ë¦¬__ ë§  ì£¼ì___  _ ë§´ë_ê³ __  __ __ ì³__ë³´ê_ __ ê³__   __   ë²__  ì²«ì___ __ ´ë_ê² __ _ ë³´ë_  __ë© ì¢__ ¬í_ __  __ ê¸°ì_ ë°°ë_ ¨ê_   __ ¸ì_ì¯  ë§__  __ì¤__ ¸ì_ì¯ _ _ê² __ê¹ °ë¦¬ °ì_¼ê_ __ __ ê±°ì_ _ ¬ë___    __  ¬ë___ ë§   ê·¸ë¦¬__ ë§  ì£¼ì___  _ ë§´ë_ê³ __  __ __ ì³__ë³´ê_ __ ê³__   __   ë²__  ì²«ì___ __ ´ë_ê²  _ _ì¤ ¬ë_ ê·¸ë__ __ì¤  _ì¤ __ì§ __ ´ì_  ë§__ ê·¸ë__ __   ë²__  ì²«ì___ __
19981	__ì§	¬ë_ë§__ê¸	male	´í½º	1	±è¿µ¾Æ	ê¹__	__ê´	ë®¤ì_ ©í_ë¦	ì§ê¸  __ _ _»´ë´  ¬ë_ ê¸°ë_¸ë_ ´ê __ ì°¸ì___ __ ë°__ ëª¨ë_ ____ ë°__ë³´ë_ __´ì_. ¤ì_ __ _ ¬ë_ ´ì_ ´ê _ª¨_±¸ ì§ì¼__ê±°ì_ ¨ì __ ëª¨ë_ _³µ __¬ë_ _ __ ¸ì_  __ ´ê __ê³ ¼ì_ _ ¬ë_ë© ë§_¬ë_¤ì_ ë§__ _£¼ ë§´ë_ê³ __ì§ ¬ë_ë² ë°___ __ ¨ì_ë¥ __ ì§ì¼_³´__ ¤ë¥¸¬ë_ ë§__ __ _³µ ë¹__ __ _ë§ ê· __ ½ê_ __¬ë_ __ ê²¨ì_  ë³´ë©´ __ ì±__ __ ì§__ ¬ë_ _ê± ê¹¨ë___ ´ì_ ë§__ê» _ ¬ë_ ë¹__ ´ë_ëª¨ë_ _º¼¼ë_ê± ì§__ê°__ ëª»í_ ë°____ ____ ´ê _ ì§ì¼__êº¼ì_ ì§ê¸ ´ëë¡ ´ê_ ¤ë©´ ___©´ ì¤____ ____ë¡ ¸ì_ê¹_ __ê°´ì_ °ì___ ì±__ì¤_º¼ __ __ ¬ë_ __ ëª¨ë_ ì§__ __ ´ì_ ëª¨ë_ __ ë´__  ì§ì¼__ __ _³µ´ì_  ì§ì¼__ ë¶__ ¤ì_ __ _ì¼___ __ ¡í_ ì±__ì¤_±° __¬ë_ _ __ ì§__ ¬í_ ëª¨ë_ ì§__  _¡­ê² ë§__ ì¶__ ____ ì§ì¼__ ë§_ë§ ´ëª¨µì___ ì§ê¸__ ë§__ ____ë§__ ´ê ëª»í_ê± ì¤_º¼  ê·¸ì _µ¬ë³´ë_ _³µ ê²¨ì_ ë¯¸ì_ë§ ë³´ì_ë©´ë_ ´ì_ ë§__ê» _ ¬ë_ ë¹__ ´ë_ëª¨ë_ _º¼¼ë_ê± ì§__ê°__ ëª»í_ ë°____ ____ ´ê _ ì§ì¼__êº¼ì_ ì§ê¸ ´ëë¡ ´ê_ ¤ë©´ ___©´ ì¤____ ____ë¡ ¸ì_ê¹_ __ê°´ì_ °ì___ ì±__ì¤_º¼ ´ì___ ë§_¬ë_ ê·¸ì___ ê° __ ê·¸ì___ ____ ì±__ì¤_º¼ ¤ì___ _ ¬ë_ ´ì_ ´ê _ª¨_±¸ ì§ì¼__êº¼ì_ ¨ì __ ëª¨ë_ _³µ __¬ë____
199907	¤í_¼ì_	ê·¸ë ë¯¸ì_	male	__	3			ë²__ë² ë®¤ì_	ë³  __ £ì_ ëª»í_ _¬´ ´ë__¸° _¬´ __ __ ë§__ ë³´ì_ ì¤ __ _¸° ¬ê¸° _ __ ë²__ ´ì_ __ _¸° ´ì_´ì_ __ ëª¨ë¥¸ __  __ì§ __ ì»¤ì_ ë²_¦° ´ì_ ê·¸ë ´ê_ __  ¼ì_ì¼ ì¤¬ì_ _¬´ __ì¡__ __ ê·¸ë ë³  __ì£ ë°_³´ë°_³´ __ __ ì£½ì_¼ë_  ê² ê°__ _¬´ ì±__ __ì£ __ê° __ _¬´__  ê·¸ë __ __ ë³  __ ´ë_ê² ê·¸ë ë¯¸ì_ _ ì§ì³__ __ê² __ ë§__ ´ì_ ì£¼ì_ê³ _¬¼ __  ¬í_ __ ëª¨ë_ ì§_¤ë©° __ ¬ê_ ¸ë_  __ _¬¼__ ëª¨ë_ ê°__ __ ¸ì_ ë³´ì_ ê² _¸° ´ì_  __  __ _¥´ _¬¼ ´ê _ê² ê°__ __  ¨ê¸°ì§ __    __ ¬ê¸°  __ê²  __ _¬¼__	
199806	T.N.B	__ê°_ ´ë_	male	__	70	"ë°__ê²,´ë_"		x  __ê² _¾¸ ë©´ì_ ê°  ¡ì_  ê² ë¿__ ´ë_ ë§__ êº¼ë_ __  ´ë_ê²  ì§ ëª°ë_  __ê°__ °ë¦¬ ¬ì_ê° ´ë_ê²  ì¤_ ëª°ë_ __ê°_ °ë¦¬ ´ë_ __ _ ____   __ ë¬¼ì_ë³ __ ì¤ _¡°ì° __ __ _ ë³´ë_ê³__ __ ê± _©´__    ¬ë___ __ ë§ (__ ë¯¿ì_  __) ì°¨ë_ë¦ «ì___ê³ (____ ë§__ ´ì_)  ´ì°¨ __ ¬ë_ (__ __ __) ê·¸ë_  _ ê·¸ë¦¬ë© ¸í_   __ì£¼ê¸¸ __¤ë©´ ê·¸ë_  _ì²  ì¤  __  ê·¸ë¦¬__¤ë©´ ë§__´ì ë§__ ê¼ ¤ì_ ´ê_ __ì¤   ´ê ë§__´ë_ °ê·¹´ì_  ë§__ __ ¶ì_ ê·¸ë_ ê±°ì_ _ ¨ê_ _³´ __¤ì_  __ë¶  ¬ë__ __  ê·¸ì ¥ë_ì²__  ë³ ë§ ¤ë_ ê¸°ë_ __ ê²__ ê·¸ë_ê²  _ ê¸°ë__©° __ ì± ê¸´ê¸´ __¤ì_ ë³´ë_ ê±°ì_  ê·¸ë_  ´ì_ë¶ ¼ì_ _ __¤ì ´ë ¬ë_ì¡__ ê¸°ì_ ì¶__¼ë_ __ ë³ ê°_  ¥í_ ê·¸ë¦¬ ì°¸ì_ _ __ê¸°ì_  __ê° __ì¡°ì°¨ ´ê_ __´ì  ëª¨ë_ __ ê°____ ¤ë_  ¬ê¸°  __ë¦¬ë©° ë¡ ¨ì_ _¬¼ ì§¼ë©°  ê·¸ë¦¬ì§    __ê°__ °ë¦¬ ¬ì_ê° ´ë_ê²  ì¤_ ëª°ë_ __ê°_ °ë¦¬ ´ë_ __ _ ____   __ ë¬¼ì_ë³ __ ì¤ _¡°ì° __ __ _ ë³´ë_ê³__ __ ê± _©´__    ¬ë___ __ ë§ (__ ë¯¿ì_  __) ì°¨ë_ë¦ «ì___ê³ (____ ë§__ ´ì_)  ´ì°¨ __ ¬ë_ (__ __ __) ê·¸ë_  _ ê·¸ë¦¬ë© ¸í_   __ì£¼ê¸¸ __¤ë©´ ê·¸ë_  _ì²  ì¤  __  ê·¸ë¦¬__¤ë©´ ë§__´ì ë§__ ê¼ ¤ì_ ´ê_ __ì¤   _ ê· ¬ë_ __ __ __ ê¸°ì_ _¬¼ ëª¨ë_ ¨ê_ __ __ ´ë_ ëª¨ë_ê²__ __ë© ´ì_ê°ê³ __ ´ë_ ëª¨ë_ê²__ ê¸°ì__©° ´ì_ê°ì§  __ì²__ ë§____ __ì²__ ´ë___ °ë¦¬ ´ì_ ì¶__¤ì_ ê°____ ´ì_  __ ë³´ë_  __ ê±°ì_ ¤ê °ë¦¬ ê¸°ì_¤ì_ ê°____ __ë©     __ì£¼ê¸¸ __¤ë©´ ê·¸ë_  _ì²  ì¤  __  ê·¸ë¦¬__¤ë©´ ë§__´ì ë§__ ê¼ ¤ì_ ´ê_ __ì¤		
19970701	T.N.B	ë¹__-	male	__	55	´ì_		x	ê³__ì¤__ ¸ì_ê° __ ì¢__ê³ ´ê_ ë¬¼ì_ë© _¬¼ë¡ ___©´ __ë¦ ¬ë_ __ê²__ __¥ì_ ì­__ì§ ëª¸ë§¤ ë¹__ _ ¬ì_  ë§__ ê·¸ë_ _²½ __ë©  ë¬¼ë_ ì§__´ì __ __ ì·¨ë _¹¨ __ ¨ë©´  ë°__ __¥ì_ ì¶_·¼  ¶ì_ ___ì§ ´ë_ _²½ ¬ë_ ì¤ë¹__ê¸ __ ë´_  ëª¸ë§¤ë¥ ê°ê¾¸ë©°  ê¸°ë_¤ì_ê±°ì_ ê·¸ë_¤ê ´ë_  _ ë³´ì_  __ ¤ì_ê°  ë¹____ _ ê¸´ë¨¸ë¦¬ë _¦¬ë© ê±·ë_  _¬´ __¤ì_  ë§__ __ì²__  ëª¨ì_ _¬´ ©í__ ê¿__ ê¾¸ë_ __ _ ´ëª¨ _¾¸ ë³´ìê³  ´ê_ ë°__ ¬ë_ __ê¹ __ __  ë¿__ __êº¼ì_ ê·¸ë__ ê½_ë²_¦° ¨ì_ ê·¸ë_¤ê_ ¬ê¸°__ ¬ê¸°  __ì§ ê·¸ë_ ©ê¸°´ì_ ¤êê° ê±°ì_ ì¡°ê_ë§  ì°¸ì_  __ ì¡°ê_ë§  ì§_©´ ¸ì_ ë¹ ë³¼ì_ ____ê¹ ê·¸ë_ ´ê_ ë­__  ëª¸ì_ ë§__ £ì __ ê¼¼ì_   __ ë°__ë§ ë³´ê_ __ ¸ì_ __ ë¶¬ì_ ê± ë§_ë§ ë¹__ ë¶¬ì_ê± ì²__¼êº¼ __ __ ¨ì_ê² ¹ì_ ¤í_ì§ ëª°ë_ __ë§ ¬ê¼ì_ ¼ê_  «ì_ì§ê² ë³´ì_ì§ ´ë_ _µ¬ __ _²½__ ëª»í_ ¸ì_ ë¹____ __ ë§__´ì_ ê² ê°__ ¬ê¸° ë§_ ¬ë_ì¤ __ ¼ì_ __¸ê±¸ __ì£¼ê¸¸  ê¸°ë_ë¦¬ê_ __ ____ ¬í_ __ __ê² ê°ê³ ¶ìë§  ë§__ _ª½ì²__ ê¼¼ì_   __ __ ´ë_ë§__ ´ì_ë§ __ ¬ë_ __ __ê¹  __ _¬´ê¾¼ì_ __ ê·¸ë___ __ë© ê³__ì¤__ ¸ì_ê° __ ì¢__ê³ ´ê_ ë¬¼ì_ë©  ë¬¼ë_ ___©´ __ë¦ ¬ë_ __ê²__ __¥ì_ ì­__ì§ ëª¸ë§¤ ë¹__ _ ¬ì_  ë§__ ê·¸ë_ _²½ __ë©  ë¬¼ë_ ì§__´ì	
19970701	T.N.B	¸ì_ë©__ (No Comment)	male	__	78			x	¸ë___ ë§__ ì¤__ ì°©ê_ ¬ì_ê° __ ¬ë_´ë ë§ ´ë_¼ê_ ë§¤ë_ _µ¬_ë§  ¸ì_ë©__¼ë_ ë§__   __ __¤ì_ ì£__ê° __ ___±´  µì_ ___¸°  __ ê· __ _ë¡ ì°¨ê _ ë§__  ´ë_  ê±´ì ëª°ë_ ¤ë_ °ì_ì²__ ½ê_ ì§ì¹  ì§§ê_ ì¦_¸°ê³ ê·¸ë_  _ ë³´ì_  *__  __ê² ´ë__ ¤ì_ì§ ´ì_ë¥  ë´ _ë§ ____ __ _ ´ê_ ¼ë_ _¬¼ __ë³´ë©°  **__  ê·¸ë_ _µ°ê°__ ´ë_ __ ì¤ __ì§ __ ¬ë_´ë ë§ ëª»í_ê³ __ì§ ´ì___  ëª¨ì_   ê²ªì_ë© _ _ __ê³ ¶ë_ê± ´ê_ __ ë²_¦° ´ë_ë¡ __ ´ì_  ëª¨ë_ê²  ___ ¬í_ __ _ __ __ ì§__ ´ê_ _ __ë¡ ¸ì_ ´ê ë²_¦° ê·¸ëê° ____ ê·¸ë_ ´ê __ ë§__ ì§ê¸ ´ê ¬ë___ ¤ê_ £ê_ __´ì_ __ ëª°ë_ __ê² ë¬´ì___ __ __ ´ëê±  	